Workbook

Sheet Dashboard
B1: LEAD MANAGEMENT & SALES PIPELINE DASHBOARD
B2: ="Reporting date: "&TEXT(Settings!$C$3,"dd mmm yyyy")&" | Sample data | Source: Lead_Data sheet (CRM / ERP lead export)" -> Reporting date: 19 Oct 2026 | Sample data | Source: Lead_Data sheet (CRM / ERP lead export)
B3: Sales Executive: | D3: All | G3: <- pick an executive from the drop-down; KPIs, charts and Top 10 update (scorecard always shows everyone)
B5: Total Leads | E5: Won Deals | H5: Lost Leads | K5: Open Leads | N5: Conversion Rate
B6: =Analysis!B5 -> 320 | E6: =Analysis!B6 -> 74 | H6: =Analysis!B7 -> 82 | K6: =Analysis!B8 -> 164 | N6: =Analysis!B9 -> 0.23125
B8: Open Pipeline (AED) | E8: Won Value (AED) | H8: Avg Response (hrs) | K8: Follow-up Compliance | N8: Needs Attention
B9: =Analysis!B10 -> 7671200 | E9: =Analysis!B11 -> 2906100 | H9: =Analysis!B12 -> 8.176699 | K9: =Analysis!B13 -> 0.53658537 | N9: =Analysis!B17 -> 76
B43: SALES EXECUTIVE SCORECARD
B44: Executive | D44: Leads | E44: Won | F44: Lost | G44: Open | H44: Conv % | I44: Won Value (AED) | K44: Pipeline (AED) | M44: Avg Resp (hrs) | N44: Overdue | O44: Inactive | P44: Compliance
B45: =Analysis!A76 -> Rahul Menon | D45: =Analysis!B76 -> 53 | E45: =Analysis!C76 -> 14 | F45: =Analysis!D76 -> 17 | G45: =Analysis!E76 -> 22 | H45: =Analysis!F76 -> 0.26415094 | I45: =Analysis!G76 -> 345800 | K45: =Analysis!H76 -> 900100 | M45: =Analysis!I76 -> 6.0339623 | N45: =Analysis!J76 -> 10 | O45: =Analysis!K76 -> 1 | P45: =Analysis!L76 -> 0.5
B46: =Analysis!A77 -> Fatima Khan | D46: =Analysis!B77 -> 43 | E46: =Analysis!C77 -> 10 | F46: =Analysis!D77 -> 11 | G46: =Analysis!E77 -> 22 | H46: =Analysis!F77 -> 0.23255814 | I46: =Analysis!G77 -> 430400 | K46: =Analysis!H77 -> 1248800 | M46: =Analysis!I77 -> 7.1707317 | N46: =Analysis!J77 -> 6 | O46: =Analysis!K77 -> 0 | P46: =Analysis!L77 -> 0.72727273
B47: =Analysis!A78 -> Omar Siddiqui | D47: =Analysis!B78 -> 51 | E47: =Analysis!C78 -> 11 | F47: =Analysis!D78 -> 9 | G47: =Analysis!E78 -> 31 | H47: =Analysis!F78 -> 0.21568627 | I47: =Analysis!G78 -> 291300 | K47: =Analysis!H78 -> 1131600 | M47: =Analysis!I78 -> 13.864 | N47: =Analysis!J78 -> 11 | O47: =Analysis!K78 -> 0 | P47: =Analysis!L78 -> 0.64516129
B48: =Analysis!A79 -> Priya Nair | D48: =Analysis!B79 -> 56 | E48: =Analysis!C79 -> 15 | F48: =Analysis!D79 -> 12 | G48: =Analysis!E79 -> 29 | H48: =Analysis!F79 -> 0.26785714 | I48: =Analysis!G79 -> 804700 | K48: =Analysis!H79 -> 1346100 | M48: =Analysis!I79 -> 5.4036364 | N48: =Analysis!J79 -> 14 | O48: =Analysis!K79 -> 1 | P48: =Analysis!L79 -> 0.48275862
B49: =Analysis!A80 -> Ahmed Hassan | D49: =Analysis!B80 -> 53 | E49: =Analysis!C80 -> 9 | F49: =Analysis!D80 -> 16 | G49: =Analysis!E80 -> 28 | H49: =Analysis!F80 -> 0.16981132 | I49: =Analysis!G80 -> 367200 | K49: =Analysis!H80 -> 1063900 | M49: =Analysis!I80 -> 10.081132 | N49: =Analysis!J80 -> 15 | O49: =Analysis!K80 -> 1 | P49: =Analysis!L80 -> 0.42857143
B50: =Analysis!A81 -> Sara Thomas | D50: =Analysis!B81 -> 57 | E50: =Analysis!C81 -> 15 | F50: =Analysis!D81 -> 17 | G50: =Analysis!E81 -> 25 | H50: =Analysis!F81 -> 0.26315789 | I50: =Analysis!G81 -> 666700 | K50: =Analysis!H81 -> 1663000 | M50: =Analysis!I81 -> 6.8087719 | N50: =Analysis!J81 -> 10 | O50: =Analysis!K81 -> 0 | P50: =Analysis!L81 -> 0.6
B51: =Analysis!A82 -> Unassigned | D51: =Analysis!B82 -> 7 | E51: =Analysis!C82 -> 0 | F51: =Analysis!D82 -> 0 | G51: =Analysis!E82 -> 7 | H51: =Analysis!F82 -> 0 | I51: =Analysis!G82 -> 0 | K51: =Analysis!H82 -> 317700 | M51: =Analysis!I82 -> 0 | N51: =Analysis!J82 -> 0 | O51: =Analysis!K82 -> 0 | P51: =Analysis!L82 -> 0
B52: =Analysis!A83 -> Total | D52: =Analysis!B83 -> 320 | E52: =Analysis!C83 -> 74 | F52: =Analysis!D83 -> 82 | G52: =Analysis!E83 -> 164 | H52: =Analysis!F83 -> 0.23125 | I52: =Analysis!G83 -> 2906100 | K52: =Analysis!H83 -> 7671200 | M52: =Analysis!I83 -> 8.176699 | N52: =Analysis!J83 -> 66 | O52: =Analysis!K83 -> 3 | P52: =Analysis!L83 -> 0.53658537
B55: TOP 10 HIGH-VALUE OPEN LEADS (follow the Executive filter)
B56: Rank | C56: Lead ID | D56: Customer | G56: Executive | I56: Stage | K56: Value (AED) | M56: Days Since Contact | N56: Follow-up Status | P56: Source
B57: =Analysis!A89 -> 1 | C57: =Analysis!D89 -> L-0192 | D57: =Analysis!E89 -> Union Construction | G57: =Analysis!F89 -> Sara Thomas | I57: =Analysis!G89 -> Negotiation | K57: =Analysis!H89 -> 371900 | M57: =Analysis!I89 -> 8 | N57: =Analysis!J89 -> Overdue | P57: =Analysis!K89 -> LinkedIn
B58: =Analysis!A90 -> 2 | C58: =Analysis!D90 -> L-0131 | D58: =Analysis!E90 -> Falcon Technical Services | G58: =Analysis!F90 -> Fatima Khan | I58: =Analysis!G90 -> Negotiation | K58: =Analysis!H90 -> 331500 | M58: =Analysis!I90 -> 3 | N58: =Analysis!J90 -> On Track | P58: =Analysis!K90 -> Exhibition
B59: =Analysis!A91 -> 3 | C59: =Analysis!D91 -> L-0035 | D59: =Analysis!E91 -> Sahara Engineering | G59: =Analysis!F91 -> Priya Nair | I59: =Analysis!G91 -> Negotiation | K59: =Analysis!H91 -> 293300 | M59: =Analysis!I91 -> 18 | N59: =Analysis!J91 -> Overdue | P59: =Analysis!K91 -> Website
B60: =Analysis!A92 -> 4 | C60: =Analysis!D92 -> L-0017 | D60: =Analysis!E92 -> Skyline Construction | G60: =Analysis!F92 -> Fatima Khan | I60: =Analysis!G92 -> Quotation Sent | K60: =Analysis!H92 -> 225700 | M60: =Analysis!I92 -> 2 | N60: =Analysis!J92 -> On Track | P60: =Analysis!K92 -> Phone Call
B61: =Analysis!A93 -> 5 | C61: =Analysis!D93 -> L-0022 | D61: =Analysis!E93 -> Prime Technical Services | G61: =Analysis!F93 -> Sara Thomas | I61: =Analysis!G93 -> Quotation Sent | K61: =Analysis!H93 -> 177700 | M61: =Analysis!I93 -> 5 | N61: =Analysis!J93 -> Overdue | P61: =Analysis!K93 -> WhatsApp
B62: =Analysis!A94 -> 6 | C62: =Analysis!D94 -> L-0225 | D62: =Analysis!E94 -> Horizon Industries | G62: =Analysis!F94 -> Priya Nair | I62: =Analysis!G94 -> Negotiation | K62: =Analysis!H94 -> 174200 | M62: =Analysis!I94 -> 2 | N62: =Analysis!J94 -> On Track | P62: =Analysis!K94 -> Email
B63: =Analysis!A95 -> 7 | C63: =Analysis!D95 -> L-0286 | D63: =Analysis!E95 -> Desert Construction | G63: =Analysis!F95 -> Unassigned | I63: =Analysis!G95 -> New | K63: =Analysis!H95 -> 163600 | M63: =Analysis!I95 -> 11 | N63: =Analysis!J95 -> Unassigned | P63: =Analysis!K95 -> Exhibition
B64: =Analysis!A96 -> 8 | C64: =Analysis!D96 -> L-0233 | D64: =Analysis!E96 -> Emirates Construction | G64: =Analysis!F96 -> Rahul Menon | I64: =Analysis!G96 -> Contacted | K64: =Analysis!H96 -> 158200 | M64: =Analysis!I96 -> 25 | N64: =Analysis!J96 -> Overdue | P64: =Analysis!K96 -> Email
B65: =Analysis!A97 -> 9 | C65: =Analysis!D97 -> L-0011 | D65: =Analysis!E97 -> Emirates Industries | G65: =Analysis!F97 -> Sara Thomas | I65: =Analysis!G97 -> Quotation Sent | K65: =Analysis!H97 -> 153400 | M65: =Analysis!I97 -> 2 | N65: =Analysis!J97 -> On Track | P65: =Analysis!K97 -> Walk-in
B66: =Analysis!A98 -> 10 | C66: =Analysis!D98 -> L-0229 | D66: =Analysis!E98 -> Emirates Construction | G66: =Analysis!F98 -> Priya Nair | I66: =Analysis!G98 -> Quotation Sent | K66: =Analysis!H98 -> 123800 | M66: =Analysis!I98 -> 3 | N66: =Analysis!J98 -> On Track | P66: =Analysis!K98 -> Website
B68: Definitions: Conversion = Won / Total leads | Compliance = On-Track open leads / Open leads | Overdue = next follow-up date passed | Inactive = no contact for the threshold in Settings | Needs Attention = Overdue + Inactive + Unassigned.

Sheet Analysis
A1: Analysis
A2: Executive filter criterion | B2: =IF(Dashboard!$D$3="All","*",Dashboard!$D$3) -> *
A4: KPIs (follow the Executive filter)
A5: Total Leads | B5: =COUNTIFS(Lead_Data!$F$2:$F$600,$B$2) -> 320
A6: Won Deals | B6: =COUNTIFS(Lead_Data!$F$2:$F$600,$B$2,Lead_Data!$G$2:$G$600,"Won") -> 74
A7: Lost Leads | B7: =COUNTIFS(Lead_Data!$F$2:$F$600,$B$2,Lead_Data!$G$2:$G$600,"Lost") -> 82
A8: Open Leads | B8: =COUNTIFS(Lead_Data!$F$2:$F$600,$B$2,Lead_Data!$O$2:$O$600,"Open") -> 164
A9: Conversion Rate | B9: =IFERROR(B6/B5,0) -> 0.23125
A10: Open Pipeline Value (AED) | B10: =SUMIFS(Lead_Data!$H$2:$H$600,Lead_Data!$F$2:$F$600,$B$2,Lead_Data!$O$2:$O$600,"Open") -> 7671200
A11: Won Value (AED) | B11: =SUMIFS(Lead_Data!$H$2:$H$600,Lead_Data!$F$2:$F$600,$B$2,Lead_Data!$G$2:$G$600,"Won") -> 2906100
A12: Avg Response Time (hrs) | B12: =IFERROR(AVERAGEIFS(Lead_Data!$N$2:$N$600,Lead_Data!$F$2:$F$600,$B$2),0) -> 8.176699
A13: Follow-up Compliance | B13: =IFERROR(COUNTIFS(Lead_Data!$F$2:$F$600,$B$2,Lead_Data!$R$2:$R$600,"On Track")/B8,0) -> 0.53658537
A14: Overdue Follow-ups | B14: =COUNTIFS(Lead_Data!$F$2:$F$600,$B$2,Lead_Data!$R$2:$R$600,"Overdue") -> 66
A15: Inactive Leads | B15: =COUNTIFS(Lead_Data!$F$2:$F$600,$B$2,Lead_Data!$R$2:$R$600,"Inactive") -> 3
A16: Unassigned Leads | B16: =COUNTIFS(Lead_Data!$F$2:$F$600,$B$2,Lead_Data!$R$2:$R$600,"Unassigned") -> 7
A17: Needs Attention (Overdue+Inactive+Unassigned) | B17: =B14+B15+B16 -> 76
A20: Pipeline by Stage
A21: Stage | B21: Leads | C21: Value (AED)
A22: New | B22: =COUNTIFS(Lead_Data!$F$2:$F$600,$B$2,Lead_Data!$G$2:$G$600,A22) -> 11 | C22: =SUMIFS(Lead_Data!$H$2:$H$600,Lead_Data!$F$2:$F$600,$B$2,Lead_Data!$G$2:$G$600,A22) -> 445200
A23: Contacted | B23: =COUNTIFS(Lead_Data!$F$2:$F$600,$B$2,Lead_Data!$G$2:$G$600,A23) -> 49 | C23: =SUMIFS(Lead_Data!$H$2:$H$600,Lead_Data!$F$2:$F$600,$B$2,Lead_Data!$G$2:$G$600,A23) -> 1899700
A24: Quotation Sent | B24: =COUNTIFS(Lead_Data!$F$2:$F$600,$B$2,Lead_Data!$G$2:$G$600,A24) -> 64 | C24: =SUMIFS(Lead_Data!$H$2:$H$600,Lead_Data!$F$2:$F$600,$B$2,Lead_Data!$G$2:$G$600,A24) -> 2788100
A25: Negotiation | B25: =COUNTIFS(Lead_Data!$F$2:$F$600,$B$2,Lead_Data!$G$2:$G$600,A25) -> 40 | C25: =SUMIFS(Lead_Data!$H$2:$H$600,Lead_Data!$F$2:$F$600,$B$2,Lead_Data!$G$2:$G$600,A25) -> 2538200
A26: Won | B26: =COUNTIFS(Lead_Data!$F$2:$F$600,$B$2,Lead_Data!$G$2:$G$600,A26) -> 74 | C26: =SUMIFS(Lead_Data!$H$2:$H$600,Lead_Data!$F$2:$F$600,$B$2,Lead_Data!$G$2:$G$600,A26) -> 2906100
A27: Lost | B27: =COUNTIFS(Lead_Data!$F$2:$F$600,$B$2,Lead_Data!$G$2:$G$600,A27) -> 82 | C27: =SUMIFS(Lead_Data!$H$2:$H$600,Lead_Data!$F$2:$F$600,$B$2,Lead_Data!$G$2:$G$600,A27) -> 3766800
A30: Monthly Lead Trend
A31: Month | B31: Label | C31: Leads Received | D31: Won | E31: Lost
A32: =DATE(2026,6,1) -> 46174 | B32: =TEXT(A32,"mmm-yy") -> Jun-26 | C32: =COUNTIFS(Lead_Data!$F$2:$F$600,$B$2,Lead_Data!$T$2:$T$600,$A32) -> 62 | D32: =COUNTIFS(Lead_Data!$F$2:$F$600,$B$2,Lead_Data!$T$2:$T$600,$A32,Lead_Data!$G$2:$G$600,"Won") -> 25 | E32: =COUNTIFS(Lead_Data!$F$2:$F$600,$B$2,Lead_Data!$T$2:$T$600,$A32,Lead_Data!$G$2:$G$600,"Lost") -> 22
A33: =EDATE(A32,1) -> 46204 | B33: =TEXT(A33,"mmm-yy") -> Jul-26 | C33: =COUNTIFS(Lead_Data!$F$2:$F$600,$B$2,Lead_Data!$T$2:$T$600,$A33) -> 55 | D33: =COUNTIFS(Lead_Data!$F$2:$F$600,$B$2,Lead_Data!$T$2:$T$600,$A33,Lead_Data!$G$2:$G$600,"Won") -> 17 | E33: =COUNTIFS(Lead_Data!$F$2:$F$600,$B$2,Lead_Data!$T$2:$T$600,$A33,Lead_Data!$G$2:$G$600,"Lost") -> 21
A34: =EDATE(A33,1) -> 46235 | B34: =TEXT(A34,"mmm-yy") -> Aug-26 | C34: =COUNTIFS(Lead_Data!$F$2:$F$600,$B$2,Lead_Data!$T$2:$T$600,$A34) -> 67 | D34: =COUNTIFS(Lead_Data!$F$2:$F$600,$B$2,Lead_Data!$T$2:$T$600,$A34,Lead_Data!$G$2:$G$600,"Won") -> 15 | E34: =COUNTIFS(Lead_Data!$F$2:$F$600,$B$2,Lead_Data!$T$2:$T$600,$A34,Lead_Data!$G$2:$G$600,"Lost") -> 20
A35: =EDATE(A34,1) -> 46266 | B35: =TEXT(A35,"mmm-yy") -> Sep-26 | C35: =COUNTIFS(Lead_Data!$F$2:$F$600,$B$2,Lead_Data!$T$2:$T$600,$A35) -> 79 | D35: =COUNTIFS(Lead_Data!$F$2:$F$600,$B$2,Lead_Data!$T$2:$T$600,$A35,Lead_Data!$G$2:$G$600,"Won") -> 13 | E35: =COUNTIFS(Lead_Data!$F$2:$F$600,$B$2,Lead_Data!$T$2:$T$600,$A35,Lead_Data!$G$2:$G$600,"Lost") -> 15
A36: =EDATE(A35,1) -> 46296 | B36: =TEXT(A36,"mmm-yy") -> Oct-26 | C36: =COUNTIFS(Lead_Data!$F$2:$F$600,$B$2,Lead_Data!$T$2:$T$600,$A36) -> 57 | D36: =COUNTIFS(Lead_Data!$F$2:$F$600,$B$2,Lead_Data!$T$2:$T$600,$A36,Lead_Data!$G$2:$G$600,"Won") -> 4 | E36: =COUNTIFS(Lead_Data!$F$2:$F$600,$B$2,Lead_Data!$T$2:$T$600,$A36,Lead_Data!$G$2:$G$600,"Lost") -> 4
A40: Open Lead Ageing
A41: Bucket | B41: Open Leads | C41: Value (AED)
A42: 0-7 days | B42: =COUNTIFS(Lead_Data!$F$2:$F$600,$B$2,Lead_Data!$S$2:$S$600,A42) -> 26 | C42: =SUMIFS(Lead_Data!$H$2:$H$600,Lead_Data!$F$2:$F$600,$B$2,Lead_Data!$S$2:$S$600,A42) -> 1071100
A43: 8-15 days | B43: =COUNTIFS(Lead_Data!$F$2:$F$600,$B$2,Lead_Data!$S$2:$S$600,A43) -> 15 | C43: =SUMIFS(Lead_Data!$H$2:$H$600,Lead_Data!$F$2:$F$600,$B$2,Lead_Data!$S$2:$S$600,A43) -> 612100
A44: 16-30 days | B44: =COUNTIFS(Lead_Data!$F$2:$F$600,$B$2,Lead_Data!$S$2:$S$600,A44) -> 41 | C44: =SUMIFS(Lead_Data!$H$2:$H$600,Lead_Data!$F$2:$F$600,$B$2,Lead_Data!$S$2:$S$600,A44) -> 1832200
A45: 31-60 days | B45: =COUNTIFS(Lead_Data!$F$2:$F$600,$B$2,Lead_Data!$S$2:$S$600,A45) -> 35 | C45: =SUMIFS(Lead_Data!$H$2:$H$600,Lead_Data!$F$2:$F$600,$B$2,Lead_Data!$S$2:$S$600,A45) -> 1606100
A46: 60+ days | B46: =COUNTIFS(Lead_Data!$F$2:$F$600,$B$2,Lead_Data!$S$2:$S$600,A46) -> 47 | C46: =SUMIFS(Lead_Data!$H$2:$H$600,Lead_Data!$F$2:$F$600,$B$2,Lead_Data!$S$2:$S$600,A46) -> 2549700
A50: Lead Source Performance
A51: Source | B51: Leads | C51: Won | D51: Conversion % | E51: Won Value (AED)
A52: Website | B52: =COUNTIFS(Lead_Data!$F$2:$F$600,$B$2,Lead_Data!$C$2:$C$600,A52) -> 48 | C52: =COUNTIFS(Lead_Data!$F$2:$F$600,$B$2,Lead_Data!$C$2:$C$600,A52,Lead_Data!$G$2:$G$600,"Won") -> 11 | D52: =IFERROR(C52/B52,0) -> 0.22916667 | E52: =SUMIFS(Lead_Data!$H$2:$H$600,Lead_Data!$F$2:$F$600,$B$2,Lead_Data!$C$2:$C$600,A52,Lead_Data!$G$2:$G$600,"Won") -> 567400
A53: WhatsApp | B53: =COUNTIFS(Lead_Data!$F$2:$F$600,$B$2,Lead_Data!$C$2:$C$600,A53) -> 78 | C53: =COUNTIFS(Lead_Data!$F$2:$F$600,$B$2,Lead_Data!$C$2:$C$600,A53,Lead_Data!$G$2:$G$600,"Won") -> 20 | D53: =IFERROR(C53/B53,0) -> 0.25641026 | E53: =SUMIFS(Lead_Data!$H$2:$H$600,Lead_Data!$F$2:$F$600,$B$2,Lead_Data!$C$2:$C$600,A53,Lead_Data!$G$2:$G$600,"Won") -> 736900
A54: Phone Call | B54: =COUNTIFS(Lead_Data!$F$2:$F$600,$B$2,Lead_Data!$C$2:$C$600,A54) -> 60 | C54: =COUNTIFS(Lead_Data!$F$2:$F$600,$B$2,Lead_Data!$C$2:$C$600,A54,Lead_Data!$G$2:$G$600,"Won") -> 14 | D54: =IFERROR(C54/B54,0) -> 0.23333333 | E54: =SUMIFS(Lead_Data!$H$2:$H$600,Lead_Data!$F$2:$F$600,$B$2,Lead_Data!$C$2:$C$600,A54,Lead_Data!$G$2:$G$600,"Won") -> 395900
A55: Walk-in | B55: =COUNTIFS(Lead_Data!$F$2:$F$600,$B$2,Lead_Data!$C$2:$C$600,A55) -> 25 | C55: =COUNTIFS(Lead_Data!$F$2:$F$600,$B$2,Lead_Data!$C$2:$C$600,A55,Lead_Data!$G$2:$G$600,"Won") -> 4 | D55: =IFERROR(C55/B55,0) -> 0.16 | E55: =SUMIFS(Lead_Data!$H$2:$H$600,Lead_Data!$F$2:$F$600,$B$2,Lead_Data!$C$2:$C$600,A55,Lead_Data!$G$2:$G$600,"Won") -> 267200
A56: Referral | B56: =COUNTIFS(Lead_Data!$F$2:$F$600,$B$2,Lead_Data!$C$2:$C$600,A56) -> 42 | C56: =COUNTIFS(Lead_Data!$F$2:$F$600,$B$2,Lead_Data!$C$2:$C$600,A56,Lead_Data!$G$2:$G$600,"Won") -> 7 | D56: =IFERROR(C56/B56,0) -> 0.16666667 | E56: =SUMIFS(Lead_Data!$H$2:$H$600,Lead_Data!$F$2:$F$600,$B$2,Lead_Data!$C$2:$C$600,A56,Lead_Data!$G$2:$G$600,"Won") -> 281800
A57: Exhibition | B57: =COUNTIFS(Lead_Data!$F$2:$F$600,$B$2,Lead_Data!$C$2:$C$600,A57) -> 17 | C57: =COUNTIFS(Lead_Data!$F$2:$F$600,$B$2,Lead_Data!$C$2:$C$600,A57,Lead_Data!$G$2:$G$600,"Won") -> 4 | D57: =IFERROR(C57/B57,0) -> 0.23529412 | E57: =SUMIFS(Lead_Data!$H$2:$H$600,Lead_Data!$F$2:$F$600,$B$2,Lead_Data!$C$2:$C$600,A57,Lead_Data!$G$2:$G$600,"Won") -> 167300
A58: LinkedIn | B58: =COUNTIFS(Lead_Data!$F$2:$F$600,$B$2,Lead_Data!$C$2:$C$600,A58) -> 25 | C58: =COUNTIFS(Lead_Data!$F$2:$F$600,$B$2,Lead_Data!$C$2:$C$600,A58,Lead_Data!$G$2:$G$600,"Won") -> 6 | D58: =IFERROR(C58/B58,0) -> 0.24 | E58: =SUMIFS(Lead_Data!$H$2:$H$600,Lead_Data!$F$2:$F$600,$B$2,Lead_Data!$C$2:$C$600,A58,Lead_Data!$G$2:$G$600,"Won") -> 125800
A59: Email | B59: =COUNTIFS(Lead_Data!$F$2:$F$600,$B$2,Lead_Data!$C$2:$C$600,A59) -> 25 | C59: =COUNTIFS(Lead_Data!$F$2:$F$600,$B$2,Lead_Data!$C$2:$C$600,A59,Lead_Data!$G$2:$G$600,"Won") -> 8 | D59: =IFERROR(C59/B59,0) -> 0.32 | E59: =SUMIFS(Lead_Data!$H$2:$H$600,Lead_Data!$F$2:$F$600,$B$2,Lead_Data!$C$2:$C$600,A59,Lead_Data!$G$2:$G$600,"Won") -> 363800
A63: Lost Lead Reasons
A64: Reason | B64: Lost Leads | C64: % of Lost
A65: Price too high | B65: =COUNTIFS(Lead_Data!$F$2:$F$600,$B$2,Lead_Data!$M$2:$M$600,A65) -> 25 | C65: =IFERROR(B65/SUM($B$65:$B$70),0) -> 0.30487805
A66: Competitor won | B66: =COUNTIFS(Lead_Data!$F$2:$F$600,$B$2,Lead_Data!$M$2:$M$600,A66) -> 15 | C66: =IFERROR(B66/SUM($B$65:$B$70),0) -> 0.18292683
A67: No response | B67: =COUNTIFS(Lead_Data!$F$2:$F$600,$B$2,Lead_Data!$M$2:$M$600,A67) -> 25 | C67: =IFERROR(B67/SUM($B$65:$B$70),0) -> 0.30487805
A68: Requirement cancelled | B68: =COUNTIFS(Lead_Data!$F$2:$F$600,$B$2,Lead_Data!$M$2:$M$600,A68) -> 7 | C68: =IFERROR(B68/SUM($B$65:$B$70),0) -> 0.085365854
A69: Delivery time | B69: =COUNTIFS(Lead_Data!$F$2:$F$600,$B$2,Lead_Data!$M$2:$M$600,A69) -> 4 | C69: =IFERROR(B69/SUM($B$65:$B$70),0) -> 0.048780488
A70: Out of stock | B70: =COUNTIFS(Lead_Data!$F$2:$F$600,$B$2,Lead_Data!$M$2:$M$600,A70) -> 6 | C70: =IFERROR(B70/SUM($B$65:$B$70),0) -> 0.073170732
A74: Sales Executive Scorecard (all executives)
A75: Executive | B75: Leads | C75: Won | D75: Lost | E75: Open | F75: Conversion % | G75: Won Value (AED) | H75: Pipeline (AED) | I75: Avg Response (hrs) | J75: Overdue | K75: Inactive | L75: Follow-up Compliance
A76: Rahul Menon | B76: =COUNTIFS(Lead_Data!$F$2:$F$600,$A76) -> 53 | C76: =COUNTIFS(Lead_Data!$F$2:$F$600,$A76,Lead_Data!$G$2:$G$600,"Won") -> 14 | D76: =COUNTIFS(Lead_Data!$F$2:$F$600,$A76,Lead_Data!$G$2:$G$600,"Lost") -> 17 | E76: =COUNTIFS(Lead_Data!$F$2:$F$600,$A76,Lead_Data!$O$2:$O$600,"Open") -> 22 | F76: =IFERROR(C76/B76,0) -> 0.26415094 | G76: =SUMIFS(Lead_Data!$H$2:$H$600,Lead_Data!$F$2:$F$600,$A76,Lead_Data!$G$2:$G$600,"Won") -> 345800 | H76: =SUMIFS(Lead_Data!$H$2:$H$600,Lead_Data!$F$2:$F$600,$A76,Lead_Data!$O$2:$O$600,"Open") -> 900100 | I76: =IFERROR(AVERAGEIFS(Lead_Data!$N$2:$N$600,Lead_Data!$F$2:$F$600,$A76),0) -> 6.0339623 | J76: =COUNTIFS(Lead_Data!$F$2:$F$600,$A76,Lead_Data!$R$2:$R$600,"Overdue") -> 10 | K76: =COUNTIFS(Lead_Data!$F$2:$F$600,$A76,Lead_Data!$R$2:$R$600,"Inactive") -> 1 | L76: =IFERROR(COUNTIFS(Lead_Data!$F$2:$F$600,$A76,Lead_Data!$R$2:$R$600,"On Track")/E76,0) -> 0.5
A77: Fatima Khan | B77: =COUNTIFS(Lead_Data!$F$2:$F$600,$A77) -> 43 | C77: =COUNTIFS(Lead_Data!$F$2:$F$600,$A77,Lead_Data!$G$2:$G$600,"Won") -> 10 | D77: =COUNTIFS(Lead_Data!$F$2:$F$600,$A77,Lead_Data!$G$2:$G$600,"Lost") -> 11 | E77: =COUNTIFS(Lead_Data!$F$2:$F$600,$A77,Lead_Data!$O$2:$O$600,"Open") -> 22 | F77: =IFERROR(C77/B77,0) -> 0.23255814 | G77: =SUMIFS(Lead_Data!$H$2:$H$600,Lead_Data!$F$2:$F$600,$A77,Lead_Data!$G$2:$G$600,"Won") -> 430400 | H77: =SUMIFS(Lead_Data!$H$2:$H$600,Lead_Data!$F$2:$F$600,$A77,Lead_Data!$O$2:$O$600,"Open") -> 1248800 | I77: =IFERROR(AVERAGEIFS(Lead_Data!$N$2:$N$600,Lead_Data!$F$2:$F$600,$A77),0) -> 7.1707317 | J77: =COUNTIFS(Lead_Data!$F$2:$F$600,$A77,Lead_Data!$R$2:$R$600,"Overdue") -> 6 | K77: =COUNTIFS(Lead_Data!$F$2:$F$600,$A77,Lead_Data!$R$2:$R$600,"Inactive") -> 0 | L77: =IFERROR(COUNTIFS(Lead_Data!$F$2:$F$600,$A77,Lead_Data!$R$2:$R$600,"On Track")/E77,0) -> 0.72727273
A78: Omar Siddiqui | B78: =COUNTIFS(Lead_Data!$F$2:$F$600,$A78) -> 51 | C78: =COUNTIFS(Lead_Data!$F$2:$F$600,$A78,Lead_Data!$G$2:$G$600,"Won") -> 11 | D78: =COUNTIFS(Lead_Data!$F$2:$F$600,$A78,Lead_Data!$G$2:$G$600,"Lost") -> 9 | E78: =COUNTIFS(Lead_Data!$F$2:$F$600,$A78,Lead_Data!$O$2:$O$600,"Open") -> 31 | F78: =IFERROR(C78/B78,0) -> 0.21568627 | G78: =SUMIFS(Lead_Data!$H$2:$H$600,Lead_Data!$F$2:$F$600,$A78,Lead_Data!$G$2:$G$600,"Won") -> 291300 | H78: =SUMIFS(Lead_Data!$H$2:$H$600,Lead_Data!$F$2:$F$600,$A78,Lead_Data!$O$2:$O$600,"Open") -> 1131600 | I78: =IFERROR(AVERAGEIFS(Lead_Data!$N$2:$N$600,Lead_Data!$F$2:$F$600,$A78),0) -> 13.864 | J78: =COUNTIFS(Lead_Data!$F$2:$F$600,$A78,Lead_Data!$R$2:$R$600,"Overdue") -> 11 | K78: =COUNTIFS(Lead_Data!$F$2:$F$600,$A78,Lead_Data!$R$2:$R$600,"Inactive") -> 0 | L78: =IFERROR(COUNTIFS(Lead_Data!$F$2:$F$600,$A78,Lead_Data!$R$2:$R$600,"On Track")/E78,0) -> 0.64516129
A79: Priya Nair | B79: =COUNTIFS(Lead_Data!$F$2:$F$600,$A79) -> 56 | C79: =COUNTIFS(Lead_Data!$F$2:$F$600,$A79,Lead_Data!$G$2:$G$600,"Won") -> 15 | D79: =COUNTIFS(Lead_Data!$F$2:$F$600,$A79,Lead_Data!$G$2:$G$600,"Lost") -> 12 | E79: =COUNTIFS(Lead_Data!$F$2:$F$600,$A79,Lead_Data!$O$2:$O$600,"Open") -> 29 | F79: =IFERROR(C79/B79,0) -> 0.26785714 | G79: =SUMIFS(Lead_Data!$H$2:$H$600,Lead_Data!$F$2:$F$600,$A79,Lead_Data!$G$2:$G$600,"Won") -> 804700 | H79: =SUMIFS(Lead_Data!$H$2:$H$600,Lead_Data!$F$2:$F$600,$A79,Lead_Data!$O$2:$O$600,"Open") -> 1346100 | I79: =IFERROR(AVERAGEIFS(Lead_Data!$N$2:$N$600,Lead_Data!$F$2:$F$600,$A79),0) -> 5.4036364 | J79: =COUNTIFS(Lead_Data!$F$2:$F$600,$A79,Lead_Data!$R$2:$R$600,"Overdue") -> 14 | K79: =COUNTIFS(Lead_Data!$F$2:$F$600,$A79,Lead_Data!$R$2:$R$600,"Inactive") -> 1 | L79: =IFERROR(COUNTIFS(Lead_Data!$F$2:$F$600,$A79,Lead_Data!$R$2:$R$600,"On Track")/E79,0) -> 0.48275862
A80: Ahmed Hassan | B80: =COUNTIFS(Lead_Data!$F$2:$F$600,$A80) -> 53 | C80: =COUNTIFS(Lead_Data!$F$2:$F$600,$A80,Lead_Data!$G$2:$G$600,"Won") -> 9 | D80: =COUNTIFS(Lead_Data!$F$2:$F$600,$A80,Lead_Data!$G$2:$G$600,"Lost") -> 16 | E80: =COUNTIFS(Lead_Data!$F$2:$F$600,$A80,Lead_Data!$O$2:$O$600,"Open") -> 28 | F80: =IFERROR(C80/B80,0) -> 0.16981132 | G80: =SUMIFS(Lead_Data!$H$2:$H$600,Lead_Data!$F$2:$F$600,$A80,Lead_Data!$G$2:$G$600,"Won") -> 367200 | H80: =SUMIFS(Lead_Data!$H$2:$H$600,Lead_Data!$F$2:$F$600,$A80,Lead_Data!$O$2:$O$600,"Open") -> 1063900 | I80: =IFERROR(AVERAGEIFS(Lead_Data!$N$2:$N$600,Lead_Data!$F$2:$F$600,$A80),0) -> 10.081132 | J80: =COUNTIFS(Lead_Data!$F$2:$F$600,$A80,Lead_Data!$R$2:$R$600,"Overdue") -> 15 | K80: =COUNTIFS(Lead_Data!$F$2:$F$600,$A80,Lead_Data!$R$2:$R$600,"Inactive") -> 1 | L80: =IFERROR(COUNTIFS(Lead_Data!$F$2:$F$600,$A80,Lead_Data!$R$2:$R$600,"On Track")/E80,0) -> 0.42857143
A81: Sara Thomas | B81: =COUNTIFS(Lead_Data!$F$2:$F$600,$A81) -> 57 | C81: =COUNTIFS(Lead_Data!$F$2:$F$600,$A81,Lead_Data!$G$2:$G$600,"Won") -> 15 | D81: =COUNTIFS(Lead_Data!$F$2:$F$600,$A81,Lead_Data!$G$2:$G$600,"Lost") -> 17 | E81: =COUNTIFS(Lead_Data!$F$2:$F$600,$A81,Lead_Data!$O$2:$O$600,"Open") -> 25 | F81: =IFERROR(C81/B81,0) -> 0.26315789 | G81: =SUMIFS(Lead_Data!$H$2:$H$600,Lead_Data!$F$2:$F$600,$A81,Lead_Data!$G$2:$G$600,"Won") -> 666700 | H81: =SUMIFS(Lead_Data!$H$2:$H$600,Lead_Data!$F$2:$F$600,$A81,Lead_Data!$O$2:$O$600,"Open") -> 1663000 | I81: =IFERROR(AVERAGEIFS(Lead_Data!$N$2:$N$600,Lead_Data!$F$2:$F$600,$A81),0) -> 6.8087719 | J81: =COUNTIFS(Lead_Data!$F$2:$F$600,$A81,Lead_Data!$R$2:$R$600,"Overdue") -> 10 | K81: =COUNTIFS(Lead_Data!$F$2:$F$600,$A81,Lead_Data!$R$2:$R$600,"Inactive") -> 0 | L81: =IFERROR(COUNTIFS(Lead_Data!$F$2:$F$600,$A81,Lead_Data!$R$2:$R$600,"On Track")/E81,0) -> 0.6
A82: Unassigned | B82: =COUNTIFS(Lead_Data!$F$2:$F$600,$A82) -> 7 | C82: =COUNTIFS(Lead_Data!$F$2:$F$600,$A82,Lead_Data!$G$2:$G$600,"Won") -> 0 | D82: =COUNTIFS(Lead_Data!$F$2:$F$600,$A82,Lead_Data!$G$2:$G$600,"Lost") -> 0 | E82: =COUNTIFS(Lead_Data!$F$2:$F$600,$A82,Lead_Data!$O$2:$O$600,"Open") -> 7 | F82: =IFERROR(C82/B82,0) -> 0 | G82: =SUMIFS(Lead_Data!$H$2:$H$600,Lead_Data!$F$2:$F$600,$A82,Lead_Data!$G$2:$G$600,"Won") -> 0 | H82: =SUMIFS(Lead_Data!$H$2:$H$600,Lead_Data!$F$2:$F$600,$A82,Lead_Data!$O$2:$O$600,"Open") -> 317700 | I82: =IFERROR(AVERAGEIFS(Lead_Data!$N$2:$N$600,Lead_Data!$F$2:$F$600,$A82),0) -> 0 | J82: =COUNTIFS(Lead_Data!$F$2:$F$600,$A82,Lead_Data!$R$2:$R$600,"Overdue") -> 0 | K82: =COUNTIFS(Lead_Data!$F$2:$F$600,$A82,Lead_Data!$R$2:$R$600,"Inactive") -> 0 | L82: =IFERROR(COUNTIFS(Lead_Data!$F$2:$F$600,$A82,Lead_Data!$R$2:$R$600,"On Track")/E82,0) -> 0
A83: Total | B83: =SUM(B76:B82) -> 320 | C83: =SUM(C76:C82) -> 74 | D83: =SUM(D76:D82) -> 82 | E83: =SUM(E76:E82) -> 164 | F83: =IFERROR(C83/B83,0) -> 0.23125 | G83: =SUM(G76:G82) -> 2906100 | H83: =SUM(H76:H82) -> 7671200 | I83: =IFERROR(AVERAGE(Lead_Data!$N$2:$N$600),0) -> 8.176699 | J83: =SUM(J76:J82) -> 66 | K83: =SUM(K76:K82) -> 3 | L83: =IFERROR(COUNTIFS(Lead_Data!$R$2:$R$600,"On Track")/E83,0) -> 0.53658537
A87: Top 10 High-Value Open Leads (follow the Executive filter)
A88: Rank | B88: Score | C88: Row # | D88: Lead ID | E88: Customer | F88: Executive | G88: Stage | H88: Value (AED) | I88: Days Since Contact | J88: Follow-up Status | K88: Source
A89: 1 | B89: =LARGE(Lead_Data!$U$2:$U$600,A89) -> 371900 | C89: =IF(B89>0,MATCH(B89,Lead_Data!$U$2:$U$600,0),"") -> 192 | D89: =IF($C89="","",INDEX(Lead_Data!$A$2:$A$600,$C89)) -> L-0192 | E89: =IF($C89="","",INDEX(Lead_Data!$D$2:$D$600,$C89)) -> Union Construction | F89: =IF($C89="","",INDEX(Lead_Data!$F$2:$F$600,$C89)) -> Sara Thomas | G89: =IF($C89="","",INDEX(Lead_Data!$G$2:$G$600,$C89)) -> Negotiation | H89: =IF($C89="","",INDEX(Lead_Data!$H$2:$H$600,$C89)) -> 371900 | I89: =IF($C89="","",INDEX(Lead_Data!$Q$2:$Q$600,$C89)) -> 8 | J89: =IF($C89="","",INDEX(Lead_Data!$R$2:$R$600,$C89)) -> Overdue | K89: =IF($C89="","",INDEX(Lead_Data!$C$2:$C$600,$C89)) -> LinkedIn
A90: 2 | B90: =LARGE(Lead_Data!$U$2:$U$600,A90) -> 331500 | C90: =IF(B90>0,MATCH(B90,Lead_Data!$U$2:$U$600,0),"") -> 131 | D90: =IF($C90="","",INDEX(Lead_Data!$A$2:$A$600,$C90)) -> L-0131 | E90: =IF($C90="","",INDEX(Lead_Data!$D$2:$D$600,$C90)) -> Falcon Technical Services | F90: =IF($C90="","",INDEX(Lead_Data!$F$2:$F$600,$C90)) -> Fatima Khan | G90: =IF($C90="","",INDEX(Lead_Data!$G$2:$G$600,$C90)) -> Negotiation | H90: =IF($C90="","",INDEX(Lead_Data!$H$2:$H$600,$C90)) -> 331500 | I90: =IF($C90="","",INDEX(Lead_Data!$Q$2:$Q$600,$C90)) -> 3 | J90: =IF($C90="","",INDEX(Lead_Data!$R$2:$R$600,$C90)) -> On Track | K90: =IF($C90="","",INDEX(Lead_Data!$C$2:$C$600,$C90)) -> Exhibition
A91: 3 | B91: =LARGE(Lead_Data!$U$2:$U$600,A91) -> 293300 | C91: =IF(B91>0,MATCH(B91,Lead_Data!$U$2:$U$600,0),"") -> 35 | D91: =IF($C91="","",INDEX(Lead_Data!$A$2:$A$600,$C91)) -> L-0035 | E91: =IF($C91="","",INDEX(Lead_Data!$D$2:$D$600,$C91)) -> Sahara Engineering | F91: =IF($C91="","",INDEX(Lead_Data!$F$2:$F$600,$C91)) -> Priya Nair | G91: =IF($C91="","",INDEX(Lead_Data!$G$2:$G$600,$C91)) -> Negotiation | H91: =IF($C91="","",INDEX(Lead_Data!$H$2:$H$600,$C91)) -> 293300 | I91: =IF($C91="","",INDEX(Lead_Data!$Q$2:$Q$600,$C91)) -> 18 | J91: =IF($C91="","",INDEX(Lead_Data!$R$2:$R$600,$C91)) -> Overdue | K91: =IF($C91="","",INDEX(Lead_Data!$C$2:$C$600,$C91)) -> Website
A92: 4 | B92: =LARGE(Lead_Data!$U$2:$U$600,A92) -> 225700 | C92: =IF(B92>0,MATCH(B92,Lead_Data!$U$2:$U$600,0),"") -> 17 | D92: =IF($C92="","",INDEX(Lead_Data!$A$2:$A$600,$C92)) -> L-0017 | E92: =IF($C92="","",INDEX(Lead_Data!$D$2:$D$600,$C92)) -> Skyline Construction | F92: =IF($C92="","",INDEX(Lead_Data!$F$2:$F$600,$C92)) -> Fatima Khan | G92: =IF($C92="","",INDEX(Lead_Data!$G$2:$G$600,$C92)) -> Quotation Sent | H92: =IF($C92="","",INDEX(Lead_Data!$H$2:$H$600,$C92)) -> 225700 | I92: =IF($C92="","",INDEX(Lead_Data!$Q$2:$Q$600,$C92)) -> 2 | J92: =IF($C92="","",INDEX(Lead_Data!$R$2:$R$600,$C92)) -> On Track | K92: =IF($C92="","",INDEX(Lead_Data!$C$2:$C$600,$C92)) -> Phone Call
A93: 5 | B93: =LARGE(Lead_Data!$U$2:$U$600,A93) -> 177700 | C93: =IF(B93>0,MATCH(B93,Lead_Data!$U$2:$U$600,0),"") -> 22 | D93: =IF($C93="","",INDEX(Lead_Data!$A$2:$A$600,$C93)) -> L-0022 | E93: =IF($C93="","",INDEX(Lead_Data!$D$2:$D$600,$C93)) -> Prime Technical Services | F93: =IF($C93="","",INDEX(Lead_Data!$F$2:$F$600,$C93)) -> Sara Thomas | G93: =IF($C93="","",INDEX(Lead_Data!$G$2:$G$600,$C93)) -> Quotation Sent | H93: =IF($C93="","",INDEX(Lead_Data!$H$2:$H$600,$C93)) -> 177700 | I93: =IF($C93="","",INDEX(Lead_Data!$Q$2:$Q$600,$C93)) -> 5 | J93: =IF($C93="","",INDEX(Lead_Data!$R$2:$R$600,$C93)) -> Overdue | K93: =IF($C93="","",INDEX(Lead_Data!$C$2:$C$600,$C93)) -> WhatsApp
A94: 6 | B94: =LARGE(Lead_Data!$U$2:$U$600,A94) -> 174200 | C94: =IF(B94>0,MATCH(B94,Lead_Data!$U$2:$U$600,0),"") -> 225 | D94: =IF($C94="","",INDEX(Lead_Data!$A$2:$A$600,$C94)) -> L-0225 | E94: =IF($C94="","",INDEX(Lead_Data!$D$2:$D$600,$C94)) -> Horizon Industries | F94: =IF($C94="","",INDEX(Lead_Data!$F$2:$F$600,$C94)) -> Priya Nair | G94: =IF($C94="","",INDEX(Lead_Data!$G$2:$G$600,$C94)) -> Negotiation | H94: =IF($C94="","",INDEX(Lead_Data!$H$2:$H$600,$C94)) -> 174200 | I94: =IF($C94="","",INDEX(Lead_Data!$Q$2:$Q$600,$C94)) -> 2 | J94: =IF($C94="","",INDEX(Lead_Data!$R$2:$R$600,$C94)) -> On Track | K94: =IF($C94="","",INDEX(Lead_Data!$C$2:$C$600,$C94)) -> Email
A95: 7 | B95: =LARGE(Lead_Data!$U$2:$U$600,A95) -> 163600 | C95: =IF(B95>0,MATCH(B95,Lead_Data!$U$2:$U$600,0),"") -> 286 | D95: =IF($C95="","",INDEX(Lead_Data!$A$2:$A$600,$C95)) -> L-0286 | E95: =IF($C95="","",INDEX(Lead_Data!$D$2:$D$600,$C95)) -> Desert Construction | F95: =IF($C95="","",INDEX(Lead_Data!$F$2:$F$600,$C95)) -> Unassigned | G95: =IF($C95="","",INDEX(Lead_Data!$G$2:$G$600,$C95)) -> New | H95: =IF($C95="","",INDEX(Lead_Data!$H$2:$H$600,$C95)) -> 163600 | I95: =IF($C95="","",INDEX(Lead_Data!$Q$2:$Q$600,$C95)) -> 11 | J95: =IF($C95="","",INDEX(Lead_Data!$R$2:$R$600,$C95)) -> Unassigned | K95: =IF($C95="","",INDEX(Lead_Data!$C$2:$C$600,$C95)) -> Exhibition
A96: 8 | B96: =LARGE(Lead_Data!$U$2:$U$600,A96) -> 158200 | C96: =IF(B96>0,MATCH(B96,Lead_Data!$U$2:$U$600,0),"") -> 233 | D96: =IF($C96="","",INDEX(Lead_Data!$A$2:$A$600,$C96)) -> L-0233 | E96: =IF($C96="","",INDEX(Lead_Data!$D$2:$D$600,$C96)) -> Emirates Construction | F96: =IF($C96="","",INDEX(Lead_Data!$F$2:$F$600,$C96)) -> Rahul Menon | G96: =IF($C96="","",INDEX(Lead_Data!$G$2:$G$600,$C96)) -> Contacted | H96: =IF($C96="","",INDEX(Lead_Data!$H$2:$H$600,$C96)) -> 158200 | I96: =IF($C96="","",INDEX(Lead_Data!$Q$2:$Q$600,$C96)) -> 25 | J96: =IF($C96="","",INDEX(Lead_Data!$R$2:$R$600,$C96)) -> Overdue | K96: =IF($C96="","",INDEX(Lead_Data!$C$2:$C$600,$C96)) -> Email
A97: 9 | B97: =LARGE(Lead_Data!$U$2:$U$600,A97) -> 153400 | C97: =IF(B97>0,MATCH(B97,Lead_Data!$U$2:$U$600,0),"") -> 11 | D97: =IF($C97="","",INDEX(Lead_Data!$A$2:$A$600,$C97)) -> L-0011 | E97: =IF($C97="","",INDEX(Lead_Data!$D$2:$D$600,$C97)) -> Emirates Industries | F97: =IF($C97="","",INDEX(Lead_Data!$F$2:$F$600,$C97)) -> Sara Thomas | G97: =IF($C97="","",INDEX(Lead_Data!$G$2:$G$600,$C97)) -> Quotation Sent | H97: =IF($C97="","",INDEX(Lead_Data!$H$2:$H$600,$C97)) -> 153400 | I97: =IF($C97="","",INDEX(Lead_Data!$Q$2:$Q$600,$C97)) -> 2 | J97: =IF($C97="","",INDEX(Lead_Data!$R$2:$R$600,$C97)) -> On Track | K97: =IF($C97="","",INDEX(Lead_Data!$C$2:$C$600,$C97)) -> Walk-in
A98: 10 | B98: =LARGE(Lead_Data!$U$2:$U$600,A98) -> 123800 | C98: =IF(B98>0,MATCH(B98,Lead_Data!$U$2:$U$600,0),"") -> 229 | D98: =IF($C98="","",INDEX(Lead_Data!$A$2:$A$600,$C98)) -> L-0229 | E98: =IF($C98="","",INDEX(Lead_Data!$D$2:$D$600,$C98)) -> Emirates Construction | F98: =IF($C98="","",INDEX(Lead_Data!$F$2:$F$600,$C98)) -> Priya Nair | G98: =IF($C98="","",INDEX(Lead_Data!$G$2:$G$600,$C98)) -> Quotation Sent | H98: =IF($C98="","",INDEX(Lead_Data!$H$2:$H$600,$C98)) -> 123800 | I98: =IF($C98="","",INDEX(Lead_Data!$Q$2:$Q$600,$C98)) -> 3 | J98: =IF($C98="","",INDEX(Lead_Data!$R$2:$R$600,$C98)) -> On Track | K98: =IF($C98="","",INDEX(Lead_Data!$C$2:$C$600,$C98)) -> Website

Sheet Lead_Data
A1: Lead ID | B1: Date Received | C1: Lead Source | D1: Customer | E1: Requirement | F1: Assigned Executive | G1: Status | H1: Lead Value (AED) | I1: First Response | J1: Last Follow-up | K1: Next Follow-up | L1: Closure Date | M1: Lost Reason | N1: Response Time (hrs) | O1: Open / Closed | P1: Lead Age (days) | Q1: Days Since Last Contact | R1: Follow-up Status | S1: Ageing Bucket | T1: Month | U1: Priority Score
A2: L-0001 | B2: 46174.597 | C2: WhatsApp | D2: Oasis Construction | E2: Electrical Items | F2: Priya Nair | G2: Won | H2: 35900 | I2: 46174.656 | J2: 46212 | L2: 46212 | N2: =IF(OR($A2="",$I2=""),"",ROUND(($I2-$B2)*24,1)) -> 1.4 | O2: =IF($A2="","",IF(OR($G2="Won",$G2="Lost"),"Closed","Open")) -> Closed | P2: =IF($A2="","",IF($L2<>"",$L2,Settings!$C$3)-INT($B2)) -> 38 | Q2: =IF($O2<>"Open","",Settings!$C$3-IF($J2<>"",$J2,INT($B2))) | R2: =IF($A2="","",IF($O2="Closed","Closed",IF($F2="Unassigned","Unassigned",IF(AND($K2<>"",$K2<Settings!$C$3),"Overdue",IF($Q2>=Settings!$C$4,"Inactive","On Track"))))) -> Closed | S2: =IF($O2<>"Open","",IF($P2<=7,"0-7 days",IF($P2<=15,"8-15 days",IF($P2<=30,"16-30 days",IF($P2<=60,"31-60 days","60+ days"))))) | T2: =IF($A2="","",DATE(YEAR($B2),MONTH($B2),1)) -> 46174 | U2: =IF(AND($O2="Open",OR(Dashboard!$D$3="All",$F2=Dashboard!$D$3)),$H2+ROW()/100000,0) -> 0
A3: L-0002 | B3: 46175.396 | C3: Website | D3: Sahara Construction | E3: Office Supplies | F3: Fatima Khan | G3: Won | H3: 28300 | I3: 46175.6 | J3: 46182 | L3: 46182 | N3: =IF(OR($A3="",$I3=""),"",ROUND(($I3-$B3)*24,1)) -> 4.9 | O3: =IF($A3="","",IF(OR($G3="Won",$G3="Lost"),"Closed","Open")) -> Closed | P3: =IF($A3="","",IF($L3<>"",$L3,Settings!$C$3)-INT($B3)) -> 7 | Q3: =IF($O3<>"Open","",Settings!$C$3-IF($J3<>"",$J3,INT($B3))) | R3: =IF($A3="","",IF($O3="Closed","Closed",IF($F3="Unassigned","Unassigned",IF(AND($K3<>"",$K3<Settings!$C$3),"Overdue",IF($Q3>=Settings!$C$4,"Inactive","On Track"))))) -> Closed | S3: =IF($O3<>"Open","",IF($P3<=7,"0-7 days",IF($P3<=15,"8-15 days",IF($P3<=30,"16-30 days",IF($P3<=60,"31-60 days","60+ days"))))) | T3: =IF($A3="","",DATE(YEAR($B3),MONTH($B3),1)) -> 46174 | U3: =IF(AND($O3="Open",OR(Dashboard!$D$3="All",$F3=Dashboard!$D$3)),$H3+ROW()/100000,0) -> 0
A4: L-0003 | B4: 46175.41 | C4: Phone Call | D4: Apex Projects LLC | E4: Industrial Supplies | F4: Sara Thomas | G4: Won | H4: 67900 | I4: 46175.801 | J4: 46196 | L4: 46196 | N4: =IF(OR($A4="",$I4=""),"",ROUND(($I4-$B4)*24,1)) -> 9.4 | O4: =IF($A4="","",IF(OR($G4="Won",$G4="Lost"),"Closed","Open")) -> Closed | P4: =IF($A4="","",IF($L4<>"",$L4,Settings!$C$3)-INT($B4)) -> 21 | Q4: =IF($O4<>"Open","",Settings!$C$3-IF($J4<>"",$J4,INT($B4))) | R4: =IF($A4="","",IF($O4="Closed","Closed",IF($F4="Unassigned","Unassigned",IF(AND($K4<>"",$K4<Settings!$C$3),"Overdue",IF($Q4>=Settings!$C$4,"Inactive","On Track"))))) -> Closed | S4: =IF($O4<>"Open","",IF($P4<=7,"0-7 days",IF($P4<=15,"8-15 days",IF($P4<=30,"16-30 days",IF($P4<=60,"31-60 days","60+ days"))))) | T4: =IF($A4="","",DATE(YEAR($B4),MONTH($B4),1)) -> 46174 | U4: =IF(AND($O4="Open",OR(Dashboard!$D$3="All",$F4=Dashboard!$D$3)),$H4+ROW()/100000,0) -> 0
A5: L-0004 | B5: 46175.451 | C5: LinkedIn | D5: Union Engineering | E5: Office Supplies | F5: Priya Nair | G5: Won | H5: 3800 | I5: 46175.826 | J5: 46189 | L5: 46189 | N5: =IF(OR($A5="",$I5=""),"",ROUND(($I5-$B5)*24,1)) -> 9 | O5: =IF($A5="","",IF(OR($G5="Won",$G5="Lost"),"Closed","Open")) -> Closed | P5: =IF($A5="","",IF($L5<>"",$L5,Settings!$C$3)-INT($B5)) -> 14 | Q5: =IF($O5<>"Open","",Settings!$C$3-IF($J5<>"",$J5,INT($B5))) | R5: =IF($A5="","",IF($O5="Closed","Closed",IF($F5="Unassigned","Unassigned",IF(AND($K5<>"",$K5<Settings!$C$3),"Overdue",IF($Q5>=Settings!$C$4,"Inactive","On Track"))))) -> Closed | S5: =IF($O5<>"Open","",IF($P5<=7,"0-7 days",IF($P5<=15,"8-15 days",IF($P5<=30,"16-30 days",IF($P5<=60,"31-60 days","60+ days"))))) | T5: =IF($A5="","",DATE(YEAR($B5),MONTH($B5),1)) -> 46174 | U5: =IF(AND($O5="Open",OR(Dashboard!$D$3="All",$F5=Dashboard!$D$3)),$H5+ROW()/100000,0) -> 0
A6: L-0005 | B6: 46175.66 | C6: Exhibition | D6: Prime Facility Mgmt | E6: Industrial Supplies | F6: Priya Nair | G6: Won | H6: 133200 | I6: 46175.731 | J6: 46201 | L6: 46201 | N6: =IF(OR($A6="",$I6=""),"",ROUND(($I6-$B6)*24,1)) -> 1.7 | O6: =IF($A6="","",IF(OR($G6="Won",$G6="Lost"),"Closed","Open")) -> Closed | P6: =IF($A6="","",IF($L6<>"",$L6,Settings!$C$3)-INT($B6)) -> 26 | Q6: =IF($O6<>"Open","",Settings!$C$3-IF($J6<>"",$J6,INT($B6))) | R6: =IF($A6="","",IF($O6="Closed","Closed",IF($F6="Unassigned","Unassigned",IF(AND($K6<>"",$K6<Settings!$C$3),"Overdue",IF($Q6>=Settings!$C$4,"Inactive","On Track"))))) -> Closed | S6: =IF($O6<>"Open","",IF($P6<=7,"0-7 days",IF($P6<=15,"8-15 days",IF($P6<=30,"16-30 days",IF($P6<=60,"31-60 days","60+ days"))))) | T6: =IF($A6="","",DATE(YEAR($B6),MONTH($B6),1)) -> 46174 | U6: =IF(AND($O6="Open",OR(Dashboard!$D$3="All",$F6=Dashboard!$D$3)),$H6+ROW()/100000,0) -> 0
A7: L-0006 | B7: 46177.389 | C7: Phone Call | D7: Oasis Projects LLC | E7: Plumbing & Sanitary | F7: Ahmed Hassan | G7: Lost | H7: 25800 | I7: 46177.497 | J7: 46210 | L7: 46210 | M7: No response | N7: =IF(OR($A7="",$I7=""),"",ROUND(($I7-$B7)*24,1)) -> 2.6 | O7: =IF($A7="","",IF(OR($G7="Won",$G7="Lost"),"Closed","Open")) -> Closed | P7: =IF($A7="","",IF($L7<>"",$L7,Settings!$C$3)-INT($B7)) -> 33 | Q7: =IF($O7<>"Open","",Settings!$C$3-IF($J7<>"",$J7,INT($B7))) | R7: =IF($A7="","",IF($O7="Closed","Closed",IF($F7="Unassigned","Unassigned",IF(AND($K7<>"",$K7<Settings!$C$3),"Overdue",IF($Q7>=Settings!$C$4,"Inactive","On Track"))))) -> Closed | S7: =IF($O7<>"Open","",IF($P7<=7,"0-7 days",IF($P7<=15,"8-15 days",IF($P7<=30,"16-30 days",IF($P7<=60,"31-60 days","60+ days"))))) | T7: =IF($A7="","",DATE(YEAR($B7),MONTH($B7),1)) -> 46174 | U7: =IF(AND($O7="Open",OR(Dashboard!$D$3="All",$F7=Dashboard!$D$3)),$H7+ROW()/100000,0) -> 0
A8: L-0007 | B8: 46179.347 | C8: Exhibition | D8: Union Trading LLC | E8: Electrical Items | F8: Fatima Khan | G8: Negotiation | H8: 98800 | I8: 46179.514 | J8: 46311 | K8: 46315 | N8: =IF(OR($A8="",$I8=""),"",ROUND(($I8-$B8)*24,1)) -> 4 | O8: =IF($A8="","",IF(OR($G8="Won",$G8="Lost"),"Closed","Open")) -> Open | P8: =IF($A8="","",IF($L8<>"",$L8,Settings!$C$3)-INT($B8)) -> 135 | Q8: =IF($O8<>"Open","",Settings!$C$3-IF($J8<>"",$J8,INT($B8))) -> 3 | R8: =IF($A8="","",IF($O8="Closed","Closed",IF($F8="Unassigned","Unassigned",IF(AND($K8<>"",$K8<Settings!$C$3),"Overdue",IF($Q8>=Settings!$C$4,"Inactive","On Track"))))) -> On Track | S8: =IF($O8<>"Open","",IF($P8<=7,"0-7 days",IF($P8<=15,"8-15 days",IF($P8<=30,"16-30 days",IF($P8<=60,"31-60 days","60+ days"))))) -> 60+ days | T8: =IF($A8="","",DATE(YEAR($B8),MONTH($B8),1)) -> 46174 | U8: =IF(AND($O8="Open",OR(Dashboard!$D$3="All",$F8=Dashboard!$D$3)),$H8+ROW()/100000,0) -> 98800
A9: L-0008 | B9: 46179.528 | C9: Exhibition | D9: Emirates Technical Services | E9: Plumbing & Sanitary | F9: Rahul Menon | G9: Contacted | H9: 24100 | I9: 46179.619 | J9: 46312 | K9: 46319 | N9: =IF(OR($A9="",$I9=""),"",ROUND(($I9-$B9)*24,1)) -> 2.2 | O9: =IF($A9="","",IF(OR($G9="Won",$G9="Lost"),"Closed","Open")) -> Open | P9: =IF($A9="","",IF($L9<>"",$L9,Settings!$C$3)-INT($B9)) -> 135 | Q9: =IF($O9<>"Open","",Settings!$C$3-IF($J9<>"",$J9,INT($B9))) -> 2 | R9: =IF($A9="","",IF($O9="Closed","Closed",IF($F9="Unassigned","Unassigned",IF(AND($K9<>"",$K9<Settings!$C$3),"Overdue",IF($Q9>=Settings!$C$4,"Inactive","On Track"))))) -> On Track | S9: =IF($O9<>"Open","",IF($P9<=7,"0-7 days",IF($P9<=15,"8-15 days",IF($P9<=30,"16-30 days",IF($P9<=60,"31-60 days","60+ days"))))) -> 60+ days | T9: =IF($A9="","",DATE(YEAR($B9),MONTH($B9),1)) -> 46174 | U9: =IF(AND($O9="Open",OR(Dashboard!$D$3="All",$F9=Dashboard!$D$3)),$H9+ROW()/100000,0) -> 24100
A10: L-0009 | B10: 46179.729 | C10: Email | D10: Falcon Industries | E10: Plumbing & Sanitary | F10: Priya Nair | G10: Won | H10: 108900 | I10: 46179.787 | J10: 46217 | L10: 46217 | N10: =IF(OR($A10="",$I10=""),"",ROUND(($I10-$B10)*24,1)) -> 1.4 | O10: =IF($A10="","",IF(OR($G10="Won",$G10="Lost"),"Closed","Open")) -> Closed | P10: =IF($A10="","",IF($L10<>"",$L10,Settings!$C$3)-INT($B10)) -> 38 | Q10: =IF($O10<>"Open","",Settings!$C$3-IF($J10<>"",$J10,INT($B10))) | R10: =IF($A10="","",IF($O10="Closed","Closed",IF($F10="Unassigned","Unassigned",IF(AND($K10<>"",$K10<Settings!$C$3),"Overdue",IF($Q10>=Settings!$C$4,"Inactive","On Track"))))) -> Closed | S10: =IF($O10<>"Open","",IF($P10<=7,"0-7 days",IF($P10<=15,"8-15 days",IF($P10<=30,"16-30 days",IF($P10<=60,"31-60 days","60+ days"))))) | T10: =IF($A10="","",DATE(YEAR($B10),MONTH($B10),1)) -> 46174 | U10: =IF(AND($O10="Open",OR(Dashboard!$D$3="All",$F10=Dashboard!$D$3)),$H10+ROW()/100000,0) -> 0
A11: L-0010 | B11: 46179.736 | C11: WhatsApp | D11: Horizon Construction | E11: Plumbing & Sanitary | F11: Fatima Khan | G11: Lost | H11: 10800 | I11: 46179.961 | J11: 46192 | L11: 46192 | M11: No response | N11: =IF(OR($A11="",$I11=""),"",ROUND(($I11-$B11)*24,1)) -> 5.4 | O11: =IF($A11="","",IF(OR($G11="Won",$G11="Lost"),"Closed","Open")) -> Closed | P11: =IF($A11="","",IF($L11<>"",$L11,Settings!$C$3)-INT($B11)) -> 13 | Q11: =IF($O11<>"Open","",Settings!$C$3-IF($J11<>"",$J11,INT($B11))) | R11: =IF($A11="","",IF($O11="Closed","Closed",IF($F11="Unassigned","Unassigned",IF(AND($K11<>"",$K11<Settings!$C$3),"Overdue",IF($Q11>=Settings!$C$4,"Inactive","On Track"))))) -> Closed | S11: =IF($O11<>"Open","",IF($P11<=7,"0-7 days",IF($P11<=15,"8-15 days",IF($P11<=30,"16-30 days",IF($P11<=60,"31-60 days","60+ days"))))) | T11: =IF($A11="","",DATE(YEAR($B11),MONTH($B11),1)) -> 46174 | U11: =IF(AND($O11="Open",OR(Dashboard!$D$3="All",$F11=Dashboard!$D$3)),$H11+ROW()/100000,0) -> 0
A12: L-0011 | B12: 46180.382 | C12: Walk-in | D12: Emirates Industries | E12: Plumbing & Sanitary | F12: Sara Thomas | G12: Quotation Sent | H12: 153400 | I12: 46180.724 | J12: 46312 | K12: 46320 | N12: =IF(OR($A12="",$I12=""),"",ROUND(($I12-$B12)*24,1)) -> 8.2 | O12: =IF($A12="","",IF(OR($G12="Won",$G12="Lost"),"Closed","Open")) -> Open | P12: =IF($A12="","",IF($L12<>"",$L12,Settings!$C$3)-INT($B12)) -> 134 | Q12: =IF($O12<>"Open","",Settings!$C$3-IF($J12<>"",$J12,INT($B12))) -> 2 | R12: =IF($A12="","",IF($O12="Closed","Closed",IF($F12="Unassigned","Unassigned",IF(AND($K12<>"",$K12<Settings!$C$3),"Overdue",IF($Q12>=Settings!$C$4,"Inactive","On Track"))))) -> On Track | S12: =IF($O12<>"Open","",IF($P12<=7,"0-7 days",IF($P12<=15,"8-15 days",IF($P12<=30,"16-30 days",IF($P12<=60,"31-60 days","60+ days"))))) -> 60+ days | T12: =IF($A12="","",DATE(YEAR($B12),MONTH($B12),1)) -> 46174 | U12: =IF(AND($O12="Open",OR(Dashboard!$D$3="All",$F12=Dashboard!$D$3)),$H12+ROW()/100000,0) -> 153400
A13: L-0012 | B13: 46180.417 | C13: Walk-in | D13: Gulf Projects LLC | E13: Office Supplies | F13: Omar Siddiqui | G13: Contacted | H13: 45900 | I13: 46180.958 | J13: 46311 | K13: 46316 | N13: =IF(OR($A13="",$I13=""),"",ROUND(($I13-$B13)*24,1)) -> 13 | O13: =IF($A13="","",IF(OR($G13="Won",$G13="Lost"),"Closed","Open")) -> Open | P13: =IF($A13="","",IF($L13<>"",$L13,Settings!$C$3)-INT($B13)) -> 134 | Q13: =IF($O13<>"Open","",Settings!$C$3-IF($J13<>"",$J13,INT($B13))) -> 3 | R13: =IF($A13="","",IF($O13="Closed","Closed",IF($F13="Unassigned","Unassigned",IF(AND($K13<>"",$K13<Settings!$C$3),"Overdue",IF($Q13>=Settings!$C$4,"Inactive","On Track"))))) -> On Track | S13: =IF($O13<>"Open","",IF($P13<=7,"0-7 days",IF($P13<=15,"8-15 days",IF($P13<=30,"16-30 days",IF($P13<=60,"31-60 days","60+ days"))))) -> 60+ days | T13: =IF($A13="","",DATE(YEAR($B13),MONTH($B13),1)) -> 46174 | U13: =IF(AND($O13="Open",OR(Dashboard!$D$3="All",$F13=Dashboard!$D$3)),$H13+ROW()/100000,0) -> 45900
A14: L-0013 | B14: 46180.743 | C14: Exhibition | D14: Horizon Technical Services | E14: Building Materials | F14: Sara Thomas | G14: Won | H14: 8600 | I14: 46180.835 | J14: 46212 | L14: 46212 | N14: =IF(OR($A14="",$I14=""),"",ROUND(($I14-$B14)*24,1)) -> 2.2 | O14: =IF($A14="","",IF(OR($G14="Won",$G14="Lost"),"Closed","Open")) -> Closed | P14: =IF($A14="","",IF($L14<>"",$L14,Settings!$C$3)-INT($B14)) -> 32 | Q14: =IF($O14<>"Open","",Settings!$C$3-IF($J14<>"",$J14,INT($B14))) | R14: =IF($A14="","",IF($O14="Closed","Closed",IF($F14="Unassigned","Unassigned",IF(AND($K14<>"",$K14<Settings!$C$3),"Overdue",IF($Q14>=Settings!$C$4,"Inactive","On Track"))))) -> Closed | S14: =IF($O14<>"Open","",IF($P14<=7,"0-7 days",IF($P14<=15,"8-15 days",IF($P14<=30,"16-30 days",IF($P14<=60,"31-60 days","60+ days"))))) | T14: =IF($A14="","",DATE(YEAR($B14),MONTH($B14),1)) -> 46174 | U14: =IF(AND($O14="Open",OR(Dashboard!$D$3="All",$F14=Dashboard!$D$3)),$H14+ROW()/100000,0) -> 0
A15: L-0014 | B15: 46181.347 | C15: WhatsApp | D15: Metro Engineering | E15: Building Materials | F15: Rahul Menon | G15: Won | H15: 43200 | I15: 46181.689 | J15: 46206 | L15: 46206 | N15: =IF(OR($A15="",$I15=""),"",ROUND(($I15-$B15)*24,1)) -> 8.2 | O15: =IF($A15="","",IF(OR($G15="Won",$G15="Lost"),"Closed","Open")) -> Closed | P15: =IF($A15="","",IF($L15<>"",$L15,Settings!$C$3)-INT($B15)) -> 25 | Q15: =IF($O15<>"Open","",Settings!$C$3-IF($J15<>"",$J15,INT($B15))) | R15: =IF($A15="","",IF($O15="Closed","Closed",IF($F15="Unassigned","Unassigned",IF(AND($K15<>"",$K15<Settings!$C$3),"Overdue",IF($Q15>=Settings!$C$4,"Inactive","On Track"))))) -> Closed | S15: =IF($O15<>"Open","",IF($P15<=7,"0-7 days",IF($P15<=15,"8-15 days",IF($P15<=30,"16-30 days",IF($P15<=60,"31-60 days","60+ days"))))) | T15: =IF($A15="","",DATE(YEAR($B15),MONTH($B15),1)) -> 46174 | U15: =IF(AND($O15="Open",OR(Dashboard!$D$3="All",$F15=Dashboard!$D$3)),$H15+ROW()/100000,0) -> 0
A16: L-0015 | B16: 46181.41 | C16: Email | D16: Prime Trading LLC | E16: Building Materials | F16: Ahmed Hassan | G16: Won | H16: 30400 | I16: 46181.676 | J16: 46187 | L16: 46187 | N16: =IF(OR($A16="",$I16=""),"",ROUND(($I16-$B16)*24,1)) -> 6.4 | O16: =IF($A16="","",IF(OR($G16="Won",$G16="Lost"),"Closed","Open")) -> Closed | P16: =IF($A16="","",IF($L16<>"",$L16,Settings!$C$3)-INT($B16)) -> 6 | Q16: =IF($O16<>"Open","",Settings!$C$3-IF($J16<>"",$J16,INT($B16))) | R16: =IF($A16="","",IF($O16="Closed","Closed",IF($F16="Unassigned","Unassigned",IF(AND($K16<>"",$K16<Settings!$C$3),"Overdue",IF($Q16>=Settings!$C$4,"Inactive","On Track"))))) -> Closed | S16: =IF($O16<>"Open","",IF($P16<=7,"0-7 days",IF($P16<=15,"8-15 days",IF($P16<=30,"16-30 days",IF($P16<=60,"31-60 days","60+ days"))))) | T16: =IF($A16="","",DATE(YEAR($B16),MONTH($B16),1)) -> 46174 | U16: =IF(AND($O16="Open",OR(Dashboard!$D$3="All",$F16=Dashboard!$D$3)),$H16+ROW()/100000,0) -> 0
A17: L-0016 | B17: 46181.639 | C17: WhatsApp | D17: Pearl Technical Services | E17: Electrical Items | F17: Fatima Khan | G17: Lost | H17: 45900 | I17: 46181.939 | J17: 46194 | L17: 46194 | M17: Competitor won | N17: =IF(OR($A17="",$I17=""),"",ROUND(($I17-$B17)*24,1)) -> 7.2 | O17: =IF($A17="","",IF(OR($G17="Won",$G17="Lost"),"Closed","Open")) -> Closed | P17: =IF($A17="","",IF($L17<>"",$L17,Settings!$C$3)-INT($B17)) -> 13 | Q17: =IF($O17<>"Open","",Settings!$C$3-IF($J17<>"",$J17,INT($B17))) | R17: =IF($A17="","",IF($O17="Closed","Closed",IF($F17="Unassigned","Unassigned",IF(AND($K17<>"",$K17<Settings!$C$3),"Overdue",IF($Q17>=Settings!$C$4,"Inactive","On Track"))))) -> Closed | S17: =IF($O17<>"Open","",IF($P17<=7,"0-7 days",IF($P17<=15,"8-15 days",IF($P17<=30,"16-30 days",IF($P17<=60,"31-60 days","60+ days"))))) | T17: =IF($A17="","",DATE(YEAR($B17),MONTH($B17),1)) -> 46174 | U17: =IF(AND($O17="Open",OR(Dashboard!$D$3="All",$F17=Dashboard!$D$3)),$H17+ROW()/100000,0) -> 0
A18: L-0017 | B18: 46184.34 | C18: Phone Call | D18: Skyline Construction | E18: Safety Equipment | F18: Fatima Khan | G18: Quotation Sent | H18: 225700 | I18: 46184.599 | J18: 46312 | K18: 46319 | N18: =IF(OR($A18="",$I18=""),"",ROUND(($I18-$B18)*24,1)) -> 6.2 | O18: =IF($A18="","",IF(OR($G18="Won",$G18="Lost"),"Closed","Open")) -> Open | P18: =IF($A18="","",IF($L18<>"",$L18,Settings!$C$3)-INT($B18)) -> 130 | Q18: =IF($O18<>"Open","",Settings!$C$3-IF($J18<>"",$J18,INT($B18))) -> 2 | R18: =IF($A18="","",IF($O18="Closed","Closed",IF($F18="Unassigned","Unassigned",IF(AND($K18<>"",$K18<Settings!$C$3),"Overdue",IF($Q18>=Settings!$C$4,"Inactive","On Track"))))) -> On Track | S18: =IF($O18<>"Open","",IF($P18<=7,"0-7 days",IF($P18<=15,"8-15 days",IF($P18<=30,"16-30 days",IF($P18<=60,"31-60 days","60+ days"))))) -> 60+ days | T18: =IF($A18="","",DATE(YEAR($B18),MONTH($B18),1)) -> 46174 | U18: =IF(AND($O18="Open",OR(Dashboard!$D$3="All",$F18=Dashboard!$D$3)),$H18+ROW()/100000,0) -> 225700
A19: L-0018 | B19: 46184.451 | C19: Website | D19: Desert Projects LLC | E19: Plumbing & Sanitary | F19: Omar Siddiqui | G19: Won | H19: 40000 | I19: 46186.522 | J19: 46219 | L19: 46219 | N19: =IF(OR($A19="",$I19=""),"",ROUND(($I19-$B19)*24,1)) -> 49.7 | O19: =IF($A19="","",IF(OR($G19="Won",$G19="Lost"),"Closed","Open")) -> Closed | P19: =IF($A19="","",IF($L19<>"",$L19,Settings!$C$3)-INT($B19)) -> 35 | Q19: =IF($O19<>"Open","",Settings!$C$3-IF($J19<>"",$J19,INT($B19))) | R19: =IF($A19="","",IF($O19="Closed","Closed",IF($F19="Unassigned","Unassigned",IF(AND($K19<>"",$K19<Settings!$C$3),"Overdue",IF($Q19>=Settings!$C$4,"Inactive","On Track"))))) -> Closed | S19: =IF($O19<>"Open","",IF($P19<=7,"0-7 days",IF($P19<=15,"8-15 days",IF($P19<=30,"16-30 days",IF($P19<=60,"31-60 days","60+ days"))))) | T19: =IF($A19="","",DATE(YEAR($B19),MONTH($B19),1)) -> 46174 | U19: =IF(AND($O19="Open",OR(Dashboard!$D$3="All",$F19=Dashboard!$D$3)),$H19+ROW()/100000,0) -> 0
A20: L-0019 | B20: 46184.549 | C20: WhatsApp | D20: Gulf Trading LLC | E20: Safety Equipment | F20: Sara Thomas | G20: Won | H20: 46300 | I20: 46184.699 | J20: 46189 | L20: 46189 | N20: =IF(OR($A20="",$I20=""),"",ROUND(($I20-$B20)*24,1)) -> 3.6 | O20: =IF($A20="","",IF(OR($G20="Won",$G20="Lost"),"Closed","Open")) -> Closed | P20: =IF($A20="","",IF($L20<>"",$L20,Settings!$C$3)-INT($B20)) -> 5 | Q20: =IF($O20<>"Open","",Settings!$C$3-IF($J20<>"",$J20,INT($B20))) | R20: =IF($A20="","",IF($O20="Closed","Closed",IF($F20="Unassigned","Unassigned",IF(AND($K20<>"",$K20<Settings!$C$3),"Overdue",IF($Q20>=Settings!$C$4,"Inactive","On Track"))))) -> Closed | S20: =IF($O20<>"Open","",IF($P20<=7,"0-7 days",IF($P20<=15,"8-15 days",IF($P20<=30,"16-30 days",IF($P20<=60,"31-60 days","60+ days"))))) | T20: =IF($A20="","",DATE(YEAR($B20),MONTH($B20),1)) -> 46174 | U20: =IF(AND($O20="Open",OR(Dashboard!$D$3="All",$F20=Dashboard!$D$3)),$H20+ROW()/100000,0) -> 0
A21: L-0020 | B21: 46184.618 | C21: Phone Call | D21: Metro Facility Mgmt | E21: Building Materials | F21: Omar Siddiqui | G21: Lost | H21: 48900 | I21: 46185.11 | J21: 46220 | L21: 46220 | M21: Competitor won | N21: =IF(OR($A21="",$I21=""),"",ROUND(($I21-$B21)*24,1)) -> 11.8 | O21: =IF($A21="","",IF(OR($G21="Won",$G21="Lost"),"Closed","Open")) -> Closed | P21: =IF($A21="","",IF($L21<>"",$L21,Settings!$C$3)-INT($B21)) -> 36 | Q21: =IF($O21<>"Open","",Settings!$C$3-IF($J21<>"",$J21,INT($B21))) | R21: =IF($A21="","",IF($O21="Closed","Closed",IF($F21="Unassigned","Unassigned",IF(AND($K21<>"",$K21<Settings!$C$3),"Overdue",IF($Q21>=Settings!$C$4,"Inactive","On Track"))))) -> Closed | S21: =IF($O21<>"Open","",IF($P21<=7,"0-7 days",IF($P21<=15,"8-15 days",IF($P21<=30,"16-30 days",IF($P21<=60,"31-60 days","60+ days"))))) | T21: =IF($A21="","",DATE(YEAR($B21),MONTH($B21),1)) -> 46174 | U21: =IF(AND($O21="Open",OR(Dashboard!$D$3="All",$F21=Dashboard!$D$3)),$H21+ROW()/100000,0) -> 0
A22: L-0021 | B22: 46185.521 | C22: Phone Call | D22: Emirates Trading LLC | E22: Safety Equipment | F22: Rahul Menon | G22: Won | H22: 5200 | I22: 46185.708 | J22: 46197 | L22: 46197 | N22: =IF(OR($A22="",$I22=""),"",ROUND(($I22-$B22)*24,1)) -> 4.5 | O22: =IF($A22="","",IF(OR($G22="Won",$G22="Lost"),"Closed","Open")) -> Closed | P22: =IF($A22="","",IF($L22<>"",$L22,Settings!$C$3)-INT($B22)) -> 12 | Q22: =IF($O22<>"Open","",Settings!$C$3-IF($J22<>"",$J22,INT($B22))) | R22: =IF($A22="","",IF($O22="Closed","Closed",IF($F22="Unassigned","Unassigned",IF(AND($K22<>"",$K22<Settings!$C$3),"Overdue",IF($Q22>=Settings!$C$4,"Inactive","On Track"))))) -> Closed | S22: =IF($O22<>"Open","",IF($P22<=7,"0-7 days",IF($P22<=15,"8-15 days",IF($P22<=30,"16-30 days",IF($P22<=60,"31-60 days","60+ days"))))) | T22: =IF($A22="","",DATE(YEAR($B22),MONTH($B22),1)) -> 46174 | U22: =IF(AND($O22="Open",OR(Dashboard!$D$3="All",$F22=Dashboard!$D$3)),$H22+ROW()/100000,0) -> 0
A23: L-0022 | B23: 46185.681 | C23: WhatsApp | D23: Prime Technical Services | E23: Plumbing & Sanitary | F23: Sara Thomas | G23: Quotation Sent | H23: 177700 | I23: 46186.601 | J23: 46309 | K23: 46313 | N23: =IF(OR($A23="",$I23=""),"",ROUND(($I23-$B23)*24,1)) -> 22.1 | O23: =IF($A23="","",IF(OR($G23="Won",$G23="Lost"),"Closed","Open")) -> Open | P23: =IF($A23="","",IF($L23<>"",$L23,Settings!$C$3)-INT($B23)) -> 129 | Q23: =IF($O23<>"Open","",Settings!$C$3-IF($J23<>"",$J23,INT($B23))) -> 5 | R23: =IF($A23="","",IF($O23="Closed","Closed",IF($F23="Unassigned","Unassigned",IF(AND($K23<>"",$K23<Settings!$C$3),"Overdue",IF($Q23>=Settings!$C$4,"Inactive","On Track"))))) -> Overdue | S23: =IF($O23<>"Open","",IF($P23<=7,"0-7 days",IF($P23<=15,"8-15 days",IF($P23<=30,"16-30 days",IF($P23<=60,"31-60 days","60+ days"))))) -> 60+ days | T23: =IF($A23="","",DATE(YEAR($B23),MONTH($B23),1)) -> 46174 | U23: =IF(AND($O23="Open",OR(Dashboard!$D$3="All",$F23=Dashboard!$D$3)),$H23+ROW()/100000,0) -> 177700
A24: L-0023 | B24: 46186.389 | C24: Walk-in | D24: Prime Engineering | E24: Building Materials | F24: Priya Nair | G24: Lost | H24: 58500 | I24: 46186.489 | J24: 46208 | L24: 46208 | M24: No response | N24: =IF(OR($A24="",$I24=""),"",ROUND(($I24-$B24)*24,1)) -> 2.4 | O24: =IF($A24="","",IF(OR($G24="Won",$G24="Lost"),"Closed","Open")) -> Closed | P24: =IF($A24="","",IF($L24<>"",$L24,Settings!$C$3)-INT($B24)) -> 22 | Q24: =IF($O24<>"Open","",Settings!$C$3-IF($J24<>"",$J24,INT($B24))) | R24: =IF($A24="","",IF($O24="Closed","Closed",IF($F24="Unassigned","Unassigned",IF(AND($K24<>"",$K24<Settings!$C$3),"Overdue",IF($Q24>=Settings!$C$4,"Inactive","On Track"))))) -> Closed | S24: =IF($O24<>"Open","",IF($P24<=7,"0-7 days",IF($P24<=15,"8-15 days",IF($P24<=30,"16-30 days",IF($P24<=60,"31-60 days","60+ days"))))) | T24: =IF($A24="","",DATE(YEAR($B24),MONTH($B24),1)) -> 46174 | U24: =IF(AND($O24="Open",OR(Dashboard!$D$3="All",$F24=Dashboard!$D$3)),$H24+ROW()/100000,0) -> 0
A25: L-0024 | B25: 46186.743 | C25: Phone Call | D25: Prime Projects LLC | E25: Office Supplies | F25: Priya Nair | G25: Negotiation | H25: 21800 | I25: 46186.914 | J25: 46313 | K25: 46320 | N25: =IF(OR($A25="",$I25=""),"",ROUND(($I25-$B25)*24,1)) -> 4.1 | O25: =IF($A25="","",IF(OR($G25="Won",$G25="Lost"),"Closed","Open")) -> Open | P25: =IF($A25="","",IF($L25<>"",$L25,Settings!$C$3)-INT($B25)) -> 128 | Q25: =IF($O25<>"Open","",Settings!$C$3-IF($J25<>"",$J25,INT($B25))) -> 1 | R25: =IF($A25="","",IF($O25="Closed","Closed",IF($F25="Unassigned","Unassigned",IF(AND($K25<>"",$K25<Settings!$C$3),"Overdue",IF($Q25>=Settings!$C$4,"Inactive","On Track"))))) -> On Track | S25: =IF($O25<>"Open","",IF($P25<=7,"0-7 days",IF($P25<=15,"8-15 days",IF($P25<=30,"16-30 days",IF($P25<=60,"31-60 days","60+ days"))))) -> 60+ days | T25: =IF($A25="","",DATE(YEAR($B25),MONTH($B25),1)) -> 46174 | U25: =IF(AND($O25="Open",OR(Dashboard!$D$3="All",$F25=Dashboard!$D$3)),$H25+ROW()/100000,0) -> 21800
A26: L-0025 | B26: 46187.424 | C26: Referral | D26: Pearl Construction | E26: Office Supplies | F26: Ahmed Hassan | G26: Contacted | H26: 68300 | I26: 46187.769 | J26: 46306 | K26: 46311 | N26: =IF(OR($A26="",$I26=""),"",ROUND(($I26-$B26)*24,1)) -> 8.3 | O26: =IF($A26="","",IF(OR($G26="Won",$G26="Lost"),"Closed","Open")) -> Open | P26: =IF($A26="","",IF($L26<>"",$L26,Settings!$C$3)-INT($B26)) -> 127 | Q26: =IF($O26<>"Open","",Settings!$C$3-IF($J26<>"",$J26,INT($B26))) -> 8 | R26: =IF($A26="","",IF($O26="Closed","Closed",IF($F26="Unassigned","Unassigned",IF(AND($K26<>"",$K26<Settings!$C$3),"Overdue",IF($Q26>=Settings!$C$4,"Inactive","On Track"))))) -> Overdue | S26: =IF($O26<>"Open","",IF($P26<=7,"0-7 days",IF($P26<=15,"8-15 days",IF($P26<=30,"16-30 days",IF($P26<=60,"31-60 days","60+ days"))))) -> 60+ days | T26: =IF($A26="","",DATE(YEAR($B26),MONTH($B26),1)) -> 46174 | U26: =IF(AND($O26="Open",OR(Dashboard!$D$3="All",$F26=Dashboard!$D$3)),$H26+ROW()/100000,0) -> 68300
A27: L-0026 | B27: 46189.625 | C27: Referral | D27: Metro Projects LLC | E27: Electrical Items | F27: Omar Siddiqui | G27: Contacted | H27: 12600 | I27: 46190.137 | J27: 46302 | K27: 46310 | N27: =IF(OR($A27="",$I27=""),"",ROUND(($I27-$B27)*24,1)) -> 12.3 | O27: =IF($A27="","",IF(OR($G27="Won",$G27="Lost"),"Closed","Open")) -> Open | P27: =IF($A27="","",IF($L27<>"",$L27,Settings!$C$3)-INT($B27)) -> 125 | Q27: =IF($O27<>"Open","",Settings!$C$3-IF($J27<>"",$J27,INT($B27))) -> 12 | R27: =IF($A27="","",IF($O27="Closed","Closed",IF($F27="Unassigned","Unassigned",IF(AND($K27<>"",$K27<Settings!$C$3),"Overdue",IF($Q27>=Settings!$C$4,"Inactive","On Track"))))) -> Overdue | S27: =IF($O27<>"Open","",IF($P27<=7,"0-7 days",IF($P27<=15,"8-15 days",IF($P27<=30,"16-30 days",IF($P27<=60,"31-60 days","60+ days"))))) -> 60+ days | T27: =IF($A27="","",DATE(YEAR($B27),MONTH($B27),1)) -> 46174 | U27: =IF(AND($O27="Open",OR(Dashboard!$D$3="All",$F27=Dashboard!$D$3)),$H27+ROW()/100000,0) -> 12600
A28: L-0027 | B28: 46190.486 | C28: Website | D28: Horizon Facility Mgmt | E28: Industrial Supplies | F28: Sara Thomas | G28: Lost | H28: 9100 | I28: 46190.582 | J28: 46219 | L28: 46219 | M28: Price too high | N28: =IF(OR($A28="",$I28=""),"",ROUND(($I28-$B28)*24,1)) -> 2.3 | O28: =IF($A28="","",IF(OR($G28="Won",$G28="Lost"),"Closed","Open")) -> Closed | P28: =IF($A28="","",IF($L28<>"",$L28,Settings!$C$3)-INT($B28)) -> 29 | Q28: =IF($O28<>"Open","",Settings!$C$3-IF($J28<>"",$J28,INT($B28))) | R28: =IF($A28="","",IF($O28="Closed","Closed",IF($F28="Unassigned","Unassigned",IF(AND($K28<>"",$K28<Settings!$C$3),"Overdue",IF($Q28>=Settings!$C$4,"Inactive","On Track"))))) -> Closed | S28: =IF($O28<>"Open","",IF($P28<=7,"0-7 days",IF($P28<=15,"8-15 days",IF($P28<=30,"16-30 days",IF($P28<=60,"31-60 days","60+ days"))))) | T28: =IF($A28="","",DATE(YEAR($B28),MONTH($B28),1)) -> 46174 | U28: =IF(AND($O28="Open",OR(Dashboard!$D$3="All",$F28=Dashboard!$D$3)),$H28+ROW()/100000,0) -> 0
A29: L-0028 | B29: 46190.604 | C29: Referral | D29: Pearl Projects LLC | E29: Office Supplies | F29: Rahul Menon | G29: Lost | H29: 16600 | I29: 46191.079 | J29: 46227 | L29: 46227 | M29: Price too high | N29: =IF(OR($A29="",$I29=""),"",ROUND(($I29-$B29)*24,1)) -> 11.4 | O29: =IF($A29="","",IF(OR($G29="Won",$G29="Lost"),"Closed","Open")) -> Closed | P29: =IF($A29="","",IF($L29<>"",$L29,Settings!$C$3)-INT($B29)) -> 37 | Q29: =IF($O29<>"Open","",Settings!$C$3-IF($J29<>"",$J29,INT($B29))) | R29: =IF($A29="","",IF($O29="Closed","Closed",IF($F29="Unassigned","Unassigned",IF(AND($K29<>"",$K29<Settings!$C$3),"Overdue",IF($Q29>=Settings!$C$4,"Inactive","On Track"))))) -> Closed | S29: =IF($O29<>"Open","",IF($P29<=7,"0-7 days",IF($P29<=15,"8-15 days",IF($P29<=30,"16-30 days",IF($P29<=60,"31-60 days","60+ days"))))) | T29: =IF($A29="","",DATE(YEAR($B29),MONTH($B29),1)) -> 46174 | U29: =IF(AND($O29="Open",OR(Dashboard!$D$3="All",$F29=Dashboard!$D$3)),$H29+ROW()/100000,0) -> 0
A30: L-0029 | B30: 46191.347 | C30: WhatsApp | D30: Horizon Projects LLC | E30: Plumbing & Sanitary | F30: Rahul Menon | G30: Lost | H30: 6500 | I30: 46191.493 | J30: 46228 | L30: 46228 | M30: Competitor won | N30: =IF(OR($A30="",$I30=""),"",ROUND(($I30-$B30)*24,1)) -> 3.5 | O30: =IF($A30="","",IF(OR($G30="Won",$G30="Lost"),"Closed","Open")) -> Closed | P30: =IF($A30="","",IF($L30<>"",$L30,Settings!$C$3)-INT($B30)) -> 37 | Q30: =IF($O30<>"Open","",Settings!$C$3-IF($J30<>"",$J30,INT($B30))) | R30: =IF($A30="","",IF($O30="Closed","Closed",IF($F30="Unassigned","Unassigned",IF(AND($K30<>"",$K30<Settings!$C$3),"Overdue",IF($Q30>=Settings!$C$4,"Inactive","On Track"))))) -> Closed | S30: =IF($O30<>"Open","",IF($P30<=7,"0-7 days",IF($P30<=15,"8-15 days",IF($P30<=30,"16-30 days",IF($P30<=60,"31-60 days","60+ days"))))) | T30: =IF($A30="","",DATE(YEAR($B30),MONTH($B30),1)) -> 46174 | U30: =IF(AND($O30="Open",OR(Dashboard!$D$3="All",$F30=Dashboard!$D$3)),$H30+ROW()/100000,0) -> 0
A31: L-0030 | B31: 46191.493 | C31: Exhibition | D31: Royal Construction | E31: Plumbing & Sanitary | F31: Omar Siddiqui | G31: Lost | H31: 131800 | I31: 46191.768 | J31: 46211 | L31: 46211 | M31: No response | N31: =IF(OR($A31="",$I31=""),"",ROUND(($I31-$B31)*24,1)) -> 6.6 | O31: =IF($A31="","",IF(OR($G31="Won",$G31="Lost"),"Closed","Open")) -> Closed | P31: =IF($A31="","",IF($L31<>"",$L31,Settings!$C$3)-INT($B31)) -> 20 | Q31: =IF($O31<>"Open","",Settings!$C$3-IF($J31<>"",$J31,INT($B31))) | R31: =IF($A31="","",IF($O31="Closed","Closed",IF($F31="Unassigned","Unassigned",IF(AND($K31<>"",$K31<Settings!$C$3),"Overdue",IF($Q31>=Settings!$C$4,"Inactive","On Track"))))) -> Closed | S31: =IF($O31<>"Open","",IF($P31<=7,"0-7 days",IF($P31<=15,"8-15 days",IF($P31<=30,"16-30 days",IF($P31<=60,"31-60 days","60+ days"))))) | T31: =IF($A31="","",DATE(YEAR($B31),MONTH($B31),1)) -> 46174 | U31: =IF(AND($O31="Open",OR(Dashboard!$D$3="All",$F31=Dashboard!$D$3)),$H31+ROW()/100000,0) -> 0
A32: L-0031 | B32: 46191.549 | C32: WhatsApp | D32: Desert Construction | E32: Office Supplies | F32: Sara Thomas | G32: Lost | H32: 42300 | I32: 46191.69 | J32: 46211 | L32: 46211 | M32: Competitor won | N32: =IF(OR($A32="",$I32=""),"",ROUND(($I32-$B32)*24,1)) -> 3.4 | O32: =IF($A32="","",IF(OR($G32="Won",$G32="Lost"),"Closed","Open")) -> Closed | P32: =IF($A32="","",IF($L32<>"",$L32,Settings!$C$3)-INT($B32)) -> 20 | Q32: =IF($O32<>"Open","",Settings!$C$3-IF($J32<>"",$J32,INT($B32))) | R32: =IF($A32="","",IF($O32="Closed","Closed",IF($F32="Unassigned","Unassigned",IF(AND($K32<>"",$K32<Settings!$C$3),"Overdue",IF($Q32>=Settings!$C$4,"Inactive","On Track"))))) -> Closed | S32: =IF($O32<>"Open","",IF($P32<=7,"0-7 days",IF($P32<=15,"8-15 days",IF($P32<=30,"16-30 days",IF($P32<=60,"31-60 days","60+ days"))))) | T32: =IF($A32="","",DATE(YEAR($B32),MONTH($B32),1)) -> 46174 | U32: =IF(AND($O32="Open",OR(Dashboard!$D$3="All",$F32=Dashboard!$D$3)),$H32+ROW()/100000,0) -> 0
A33: L-0032 | B33: 46192.444 | C33: Walk-in | D33: Apex Technical Services | E33: Building Materials | F33: Sara Thomas | G33: Won | H33: 107000 | I33: 46192.582 | J33: 46200 | L33: 46200 | N33: =IF(OR($A33="",$I33=""),"",ROUND(($I33-$B33)*24,1)) -> 3.3 | O33: =IF($A33="","",IF(OR($G33="Won",$G33="Lost"),"Closed","Open")) -> Closed | P33: =IF($A33="","",IF($L33<>"",$L33,Settings!$C$3)-INT($B33)) -> 8 | Q33: =IF($O33<>"Open","",Settings!$C$3-IF($J33<>"",$J33,INT($B33))) | R33: =IF($A33="","",IF($O33="Closed","Closed",IF($F33="Unassigned","Unassigned",IF(AND($K33<>"",$K33<Settings!$C$3),"Overdue",IF($Q33>=Settings!$C$4,"Inactive","On Track"))))) -> Closed | S33: =IF($O33<>"Open","",IF($P33<=7,"0-7 days",IF($P33<=15,"8-15 days",IF($P33<=30,"16-30 days",IF($P33<=60,"31-60 days","60+ days"))))) | T33: =IF($A33="","",DATE(YEAR($B33),MONTH($B33),1)) -> 46174 | U33: =IF(AND($O33="Open",OR(Dashboard!$D$3="All",$F33=Dashboard!$D$3)),$H33+ROW()/100000,0) -> 0
A34: L-0033 | B34: 46193.653 | C34: WhatsApp | D34: Royal Projects LLC | E34: Electrical Items | F34: Rahul Menon | G34: Won | H34: 40700 | I34: 46193.699 | J34: 46233 | L34: 46233 | N34: =IF(OR($A34="",$I34=""),"",ROUND(($I34-$B34)*24,1)) -> 1.1 | O34: =IF($A34="","",IF(OR($G34="Won",$G34="Lost"),"Closed","Open")) -> Closed | P34: =IF($A34="","",IF($L34<>"",$L34,Settings!$C$3)-INT($B34)) -> 40 | Q34: =IF($O34<>"Open","",Settings!$C$3-IF($J34<>"",$J34,INT($B34))) | R34: =IF($A34="","",IF($O34="Closed","Closed",IF($F34="Unassigned","Unassigned",IF(AND($K34<>"",$K34<Settings!$C$3),"Overdue",IF($Q34>=Settings!$C$4,"Inactive","On Track"))))) -> Closed | S34: =IF($O34<>"Open","",IF($P34<=7,"0-7 days",IF($P34<=15,"8-15 days",IF($P34<=30,"16-30 days",IF($P34<=60,"31-60 days","60+ days"))))) | T34: =IF($A34="","",DATE(YEAR($B34),MONTH($B34),1)) -> 46174 | U34: =IF(AND($O34="Open",OR(Dashboard!$D$3="All",$F34=Dashboard!$D$3)),$H34+ROW()/100000,0) -> 0
A35: L-0034 | B35: 46194.347 | C35: WhatsApp | D35: Gulf Facility Mgmt | E35: Office Supplies | F35: Fatima Khan | G35: Quotation Sent | H35: 81600 | I35: 46194.485 | J35: 46311 | K35: 46320 | N35: =IF(OR($A35="",$I35=""),"",ROUND(($I35-$B35)*24,1)) -> 3.3 | O35: =IF($A35="","",IF(OR($G35="Won",$G35="Lost"),"Closed","Open")) -> Open | P35: =IF($A35="","",IF($L35<>"",$L35,Settings!$C$3)-INT($B35)) -> 120 | Q35: =IF($O35<>"Open","",Settings!$C$3-IF($J35<>"",$J35,INT($B35))) -> 3 | R35: =IF($A35="","",IF($O35="Closed","Closed",IF($F35="Unassigned","Unassigned",IF(AND($K35<>"",$K35<Settings!$C$3),"Overdue",IF($Q35>=Settings!$C$4,"Inactive","On Track"))))) -> On Track | S35: =IF($O35<>"Open","",IF($P35<=7,"0-7 days",IF($P35<=15,"8-15 days",IF($P35<=30,"16-30 days",IF($P35<=60,"31-60 days","60+ days"))))) -> 60+ days | T35: =IF($A35="","",DATE(YEAR($B35),MONTH($B35),1)) -> 46174 | U35: =IF(AND($O35="Open",OR(Dashboard!$D$3="All",$F35=Dashboard!$D$3)),$H35+ROW()/100000,0) -> 81600
A36: L-0035 | B36: 46194.41 | C36: Website | D36: Sahara Engineering | E36: Industrial Supplies | F36: Priya Nair | G36: Negotiation | H36: 293300 | I36: 46194.447 | J36: 46296 | K36: 46305 | N36: =IF(OR($A36="",$I36=""),"",ROUND(($I36-$B36)*24,1)) -> 0.9 | O36: =IF($A36="","",IF(OR($G36="Won",$G36="Lost"),"Closed","Open")) -> Open | P36: =IF($A36="","",IF($L36<>"",$L36,Settings!$C$3)-INT($B36)) -> 120 | Q36: =IF($O36<>"Open","",Settings!$C$3-IF($J36<>"",$J36,INT($B36))) -> 18 | R36: =IF($A36="","",IF($O36="Closed","Closed",IF($F36="Unassigned","Unassigned",IF(AND($K36<>"",$K36<Settings!$C$3),"Overdue",IF($Q36>=Settings!$C$4,"Inactive","On Track"))))) -> Overdue | S36: =IF($O36<>"Open","",IF($P36<=7,"0-7 days",IF($P36<=15,"8-15 days",IF($P36<=30,"16-30 days",IF($P36<=60,"31-60 days","60+ days"))))) -> 60+ days | T36: =IF($A36="","",DATE(YEAR($B36),MONTH($B36),1)) -> 46174 | U36: =IF(AND($O36="Open",OR(Dashboard!$D$3="All",$F36=Dashboard!$D$3)),$H36+ROW()/100000,0) -> 293300
A37: L-0036 | B37: 46194.618 | C37: Phone Call | D37: Falcon Construction | E37: Building Materials | F37: Ahmed Hassan | G37: Lost | H37: 17700 | I37: 46194.831 | J37: 46202 | L37: 46202 | M37: No response | N37: =IF(OR($A37="",$I37=""),"",ROUND(($I37-$B37)*24,1)) -> 5.1 | O37: =IF($A37="","",IF(OR($G37="Won",$G37="Lost"),"Closed","Open")) -> Closed | P37: =IF($A37="","",IF($L37<>"",$L37,Settings!$C$3)-INT($B37)) -> 8 | Q37: =IF($O37<>"Open","",Settings!$C$3-IF($J37<>"",$J37,INT($B37))) | R37: =IF($A37="","",IF($O37="Closed","Closed",IF($F37="Unassigned","Unassigned",IF(AND($K37<>"",$K37<Settings!$C$3),"Overdue",IF($Q37>=Settings!$C$4,"Inactive","On Track"))))) -> Closed | S37: =IF($O37<>"Open","",IF($P37<=7,"0-7 days",IF($P37<=15,"8-15 days",IF($P37<=30,"16-30 days",IF($P37<=60,"31-60 days","60+ days"))))) | T37: =IF($A37="","",DATE(YEAR($B37),MONTH($B37),1)) -> 46174 | U37: =IF(AND($O37="Open",OR(Dashboard!$D$3="All",$F37=Dashboard!$D$3)),$H37+ROW()/100000,0) -> 0
A38: L-0037 | B38: 46195.681 | C38: WhatsApp | D38: Royal Contracting LLC | E38: Electrical Items | F38: Rahul Menon | G38: Quotation Sent | H38: 7300 | I38: 46195.71 | J38: 46296 | K38: 46302 | N38: =IF(OR($A38="",$I38=""),"",ROUND(($I38-$B38)*24,1)) -> 0.7 | O38: =IF($A38="","",IF(OR($G38="Won",$G38="Lost"),"Closed","Open")) -> Open | P38: =IF($A38="","",IF($L38<>"",$L38,Settings!$C$3)-INT($B38)) -> 119 | Q38: =IF($O38<>"Open","",Settings!$C$3-IF($J38<>"",$J38,INT($B38))) -> 18 | R38: =IF($A38="","",IF($O38="Closed","Closed",IF($F38="Unassigned","Unassigned",IF(AND($K38<>"",$K38<Settings!$C$3),"Overdue",IF($Q38>=Settings!$C$4,"Inactive","On Track"))))) -> Overdue | S38: =IF($O38<>"Open","",IF($P38<=7,"0-7 days",IF($P38<=15,"8-15 days",IF($P38<=30,"16-30 days",IF($P38<=60,"31-60 days","60+ days"))))) -> 60+ days | T38: =IF($A38="","",DATE(YEAR($B38),MONTH($B38),1)) -> 46174 | U38: =IF(AND($O38="Open",OR(Dashboard!$D$3="All",$F38=Dashboard!$D$3)),$H38+ROW()/100000,0) -> 7300.0004
A39: L-0038 | B39: 46196.583 | C39: LinkedIn | D39: Gulf Construction | E39: Plumbing & Sanitary | F39: Fatima Khan | G39: Lost | H39: 66100 | I39: 46198.067 | J39: 46222 | L39: 46222 | M39: Competitor won | N39: =IF(OR($A39="",$I39=""),"",ROUND(($I39-$B39)*24,1)) -> 35.6 | O39: =IF($A39="","",IF(OR($G39="Won",$G39="Lost"),"Closed","Open")) -> Closed | P39: =IF($A39="","",IF($L39<>"",$L39,Settings!$C$3)-INT($B39)) -> 26 | Q39: =IF($O39<>"Open","",Settings!$C$3-IF($J39<>"",$J39,INT($B39))) | R39: =IF($A39="","",IF($O39="Closed","Closed",IF($F39="Unassigned","Unassigned",IF(AND($K39<>"",$K39<Settings!$C$3),"Overdue",IF($Q39>=Settings!$C$4,"Inactive","On Track"))))) -> Closed | S39: =IF($O39<>"Open","",IF($P39<=7,"0-7 days",IF($P39<=15,"8-15 days",IF($P39<=30,"16-30 days",IF($P39<=60,"31-60 days","60+ days"))))) | T39: =IF($A39="","",DATE(YEAR($B39),MONTH($B39),1)) -> 46174 | U39: =IF(AND($O39="Open",OR(Dashboard!$D$3="All",$F39=Dashboard!$D$3)),$H39+ROW()/100000,0) -> 0
A40: L-0039 | B40: 46197.458 | C40: Email | D40: Apex Engineering | E40: Plumbing & Sanitary | F40: Priya Nair | G40: Quotation Sent | H40: 17200 | I40: 46197.533 | J40: 46311 | K40: 46317 | N40: =IF(OR($A40="",$I40=""),"",ROUND(($I40-$B40)*24,1)) -> 1.8 | O40: =IF($A40="","",IF(OR($G40="Won",$G40="Lost"),"Closed","Open")) -> Open | P40: =IF($A40="","",IF($L40<>"",$L40,Settings!$C$3)-INT($B40)) -> 117 | Q40: =IF($O40<>"Open","",Settings!$C$3-IF($J40<>"",$J40,INT($B40))) -> 3 | R40: =IF($A40="","",IF($O40="Closed","Closed",IF($F40="Unassigned","Unassigned",IF(AND($K40<>"",$K40<Settings!$C$3),"Overdue",IF($Q40>=Settings!$C$4,"Inactive","On Track"))))) -> On Track | S40: =IF($O40<>"Open","",IF($P40<=7,"0-7 days",IF($P40<=15,"8-15 days",IF($P40<=30,"16-30 days",IF($P40<=60,"31-60 days","60+ days"))))) -> 60+ days | T40: =IF($A40="","",DATE(YEAR($B40),MONTH($B40),1)) -> 46174 | U40: =IF(AND($O40="Open",OR(Dashboard!$D$3="All",$F40=Dashboard!$D$3)),$H40+ROW()/100000,0) -> 17200
A41: L-0040 | B41: 46197.493 | C41: Referral | D41: Gulf Industries | E41: Building Materials | F41: Omar Siddiqui | G41: Lost | H41: 33200 | I41: 46198.16 | J41: 46212 | L41: 46212 | M41: No response | N41: =IF(OR($A41="",$I41=""),"",ROUND(($I41-$B41)*24,1)) -> 16 | O41: =IF($A41="","",IF(OR($G41="Won",$G41="Lost"),"Closed","Open")) -> Closed | P41: =IF($A41="","",IF($L41<>"",$L41,Settings!$C$3)-INT($B41)) -> 15 | Q41: =IF($O41<>"Open","",Settings!$C$3-IF($J41<>"",$J41,INT($B41))) | R41: =IF($A41="","",IF($O41="Closed","Closed",IF($F41="Unassigned","Unassigned",IF(AND($K41<>"",$K41<Settings!$C$3),"Overdue",IF($Q41>=Settings!$C$4,"Inactive","On Track"))))) -> Closed | S41: =IF($O41<>"Open","",IF($P41<=7,"0-7 days",IF($P41<=15,"8-15 days",IF($P41<=30,"16-30 days",IF($P41<=60,"31-60 days","60+ days"))))) | T41: =IF($A41="","",DATE(YEAR($B41),MONTH($B41),1)) -> 46174 | U41: =IF(AND($O41="Open",OR(Dashboard!$D$3="All",$F41=Dashboard!$D$3)),$H41+ROW()/100000,0) -> 0
A42: L-0041 | B42: 46197.493 | C42: Walk-in | D42: Prime Industries | E42: Industrial Supplies | F42: Sara Thomas | G42: Lost | H42: 21800 | I42: 46198.226 | J42: 46216 | L42: 46216 | M42: Price too high | N42: =IF(OR($A42="",$I42=""),"",ROUND(($I42-$B42)*24,1)) -> 17.6 | O42: =IF($A42="","",IF(OR($G42="Won",$G42="Lost"),"Closed","Open")) -> Closed | P42: =IF($A42="","",IF($L42<>"",$L42,Settings!$C$3)-INT($B42)) -> 19 | Q42: =IF($O42<>"Open","",Settings!$C$3-IF($J42<>"",$J42,INT($B42))) | R42: =IF($A42="","",IF($O42="Closed","Closed",IF($F42="Unassigned","Unassigned",IF(AND($K42<>"",$K42<Settings!$C$3),"Overdue",IF($Q42>=Settings!$C$4,"Inactive","On Track"))))) -> Closed | S42: =IF($O42<>"Open","",IF($P42<=7,"0-7 days",IF($P42<=15,"8-15 days",IF($P42<=30,"16-30 days",IF($P42<=60,"31-60 days","60+ days"))))) | T42: =IF($A42="","",DATE(YEAR($B42),MONTH($B42),1)) -> 46174 | U42: =IF(AND($O42="Open",OR(Dashboard!$D$3="All",$F42=Dashboard!$D$3)),$H42+ROW()/100000,0) -> 0
A43: L-0042 | B43: 46198.486 | C43: WhatsApp | D43: Metro Contracting LLC | E43: Building Materials | F43: Omar Siddiqui | G43: Won | H43: 37100 | I43: 46199.386 | J43: 46205 | L43: 46205 | N43: =IF(OR($A43="",$I43=""),"",ROUND(($I43-$B43)*24,1)) -> 21.6 | O43: =IF($A43="","",IF(OR($G43="Won",$G43="Lost"),"Closed","Open")) -> Closed | P43: =IF($A43="","",IF($L43<>"",$L43,Settings!$C$3)-INT($B43)) -> 7 | Q43: =IF($O43<>"Open","",Settings!$C$3-IF($J43<>"",$J43,INT($B43))) | R43: =IF($A43="","",IF($O43="Closed","Closed",IF($F43="Unassigned","Unassigned",IF(AND($K43<>"",$K43<Settings!$C$3),"Overdue",IF($Q43>=Settings!$C$4,"Inactive","On Track"))))) -> Closed | S43: =IF($O43<>"Open","",IF($P43<=7,"0-7 days",IF($P43<=15,"8-15 days",IF($P43<=30,"16-30 days",IF($P43<=60,"31-60 days","60+ days"))))) | T43: =IF($A43="","",DATE(YEAR($B43),MONTH($B43),1)) -> 46174 | U43: =IF(AND($O43="Open",OR(Dashboard!$D$3="All",$F43=Dashboard!$D$3)),$H43+ROW()/100000,0) -> 0
A44: L-0043 | B44: 46198.542 | C44: Referral | D44: Royal Trading LLC | E44: Office Supplies | F44: Fatima Khan | G44: Won | H44: 55000 | I44: 46198.796 | J44: 46209 | L44: 46209 | N44: =IF(OR($A44="",$I44=""),"",ROUND(($I44-$B44)*24,1)) -> 6.1 | O44: =IF($A44="","",IF(OR($G44="Won",$G44="Lost"),"Closed","Open")) -> Closed | P44: =IF($A44="","",IF($L44<>"",$L44,Settings!$C$3)-INT($B44)) -> 11 | Q44: =IF($O44<>"Open","",Settings!$C$3-IF($J44<>"",$J44,INT($B44))) | R44: =IF($A44="","",IF($O44="Closed","Closed",IF($F44="Unassigned","Unassigned",IF(AND($K44<>"",$K44<Settings!$C$3),"Overdue",IF($Q44>=Settings!$C$4,"Inactive","On Track"))))) -> Closed | S44: =IF($O44<>"Open","",IF($P44<=7,"0-7 days",IF($P44<=15,"8-15 days",IF($P44<=30,"16-30 days",IF($P44<=60,"31-60 days","60+ days"))))) | T44: =IF($A44="","",DATE(YEAR($B44),MONTH($B44),1)) -> 46174 | U44: =IF(AND($O44="Open",OR(Dashboard!$D$3="All",$F44=Dashboard!$D$3)),$H44+ROW()/100000,0) -> 0
A45: L-0044 | B45: 46198.549 | C45: Phone Call | D45: Skyline Industries | E45: Safety Equipment | F45: Ahmed Hassan | G45: Won | H45: 20800 | I45: 46200.269 | J45: 46216 | L45: 46216 | N45: =IF(OR($A45="",$I45=""),"",ROUND(($I45-$B45)*24,1)) -> 41.3 | O45: =IF($A45="","",IF(OR($G45="Won",$G45="Lost"),"Closed","Open")) -> Closed | P45: =IF($A45="","",IF($L45<>"",$L45,Settings!$C$3)-INT($B45)) -> 18 | Q45: =IF($O45<>"Open","",Settings!$C$3-IF($J45<>"",$J45,INT($B45))) | R45: =IF($A45="","",IF($O45="Closed","Closed",IF($F45="Unassigned","Unassigned",IF(AND($K45<>"",$K45<Settings!$C$3),"Overdue",IF($Q45>=Settings!$C$4,"Inactive","On Track"))))) -> Closed | S45: =IF($O45<>"Open","",IF($P45<=7,"0-7 days",IF($P45<=15,"8-15 days",IF($P45<=30,"16-30 days",IF($P45<=60,"31-60 days","60+ days"))))) | T45: =IF($A45="","",DATE(YEAR($B45),MONTH($B45),1)) -> 46174 | U45: =IF(AND($O45="Open",OR(Dashboard!$D$3="All",$F45=Dashboard!$D$3)),$H45+ROW()/100000,0) -> 0
A46: L-0045 | B46: 46198.562 | C46: Exhibition | D46: Horizon Trading LLC | E46: Plumbing & Sanitary | F46: Omar Siddiqui | G46: Quotation Sent | H46: 8500 | I46: 46198.683 | J46: 46313 | K46: 46318 | N46: =IF(OR($A46="",$I46=""),"",ROUND(($I46-$B46)*24,1)) -> 2.9 | O46: =IF($A46="","",IF(OR($G46="Won",$G46="Lost"),"Closed","Open")) -> Open | P46: =IF($A46="","",IF($L46<>"",$L46,Settings!$C$3)-INT($B46)) -> 116 | Q46: =IF($O46<>"Open","",Settings!$C$3-IF($J46<>"",$J46,INT($B46))) -> 1 | R46: =IF($A46="","",IF($O46="Closed","Closed",IF($F46="Unassigned","Unassigned",IF(AND($K46<>"",$K46<Settings!$C$3),"Overdue",IF($Q46>=Settings!$C$4,"Inactive","On Track"))))) -> On Track | S46: =IF($O46<>"Open","",IF($P46<=7,"0-7 days",IF($P46<=15,"8-15 days",IF($P46<=30,"16-30 days",IF($P46<=60,"31-60 days","60+ days"))))) -> 60+ days | T46: =IF($A46="","",DATE(YEAR($B46),MONTH($B46),1)) -> 46174 | U46: =IF(AND($O46="Open",OR(Dashboard!$D$3="All",$F46=Dashboard!$D$3)),$H46+ROW()/100000,0) -> 8500.0005
A47: L-0046 | B47: 46199.396 | C47: Walk-in | D47: Emirates Engineering | E47: Building Materials | F47: Fatima Khan | G47: Lost | H47: 46000 | I47: 46199.887 | J47: 46215 | L47: 46215 | M47: No response | N47: =IF(OR($A47="",$I47=""),"",ROUND(($I47-$B47)*24,1)) -> 11.8 | O47: =IF($A47="","",IF(OR($G47="Won",$G47="Lost"),"Closed","Open")) -> Closed | P47: =IF($A47="","",IF($L47<>"",$L47,Settings!$C$3)-INT($B47)) -> 16 | Q47: =IF($O47<>"Open","",Settings!$C$3-IF($J47<>"",$J47,INT($B47))) | R47: =IF($A47="","",IF($O47="Closed","Closed",IF($F47="Unassigned","Unassigned",IF(AND($K47<>"",$K47<Settings!$C$3),"Overdue",IF($Q47>=Settings!$C$4,"Inactive","On Track"))))) -> Closed | S47: =IF($O47<>"Open","",IF($P47<=7,"0-7 days",IF($P47<=15,"8-15 days",IF($P47<=30,"16-30 days",IF($P47<=60,"31-60 days","60+ days"))))) | T47: =IF($A47="","",DATE(YEAR($B47),MONTH($B47),1)) -> 46174 | U47: =IF(AND($O47="Open",OR(Dashboard!$D$3="All",$F47=Dashboard!$D$3)),$H47+ROW()/100000,0) -> 0
A48: L-0047 | B48: 46199.549 | C48: Phone Call | D48: Sahara Contracting LLC | E48: Safety Equipment | F48: Fatima Khan | G48: Won | H48: 53900 | I48: 46199.799 | J48: 46221 | L48: 46221 | N48: =IF(OR($A48="",$I48=""),"",ROUND(($I48-$B48)*24,1)) -> 6 | O48: =IF($A48="","",IF(OR($G48="Won",$G48="Lost"),"Closed","Open")) -> Closed | P48: =IF($A48="","",IF($L48<>"",$L48,Settings!$C$3)-INT($B48)) -> 22 | Q48: =IF($O48<>"Open","",Settings!$C$3-IF($J48<>"",$J48,INT($B48))) | R48: =IF($A48="","",IF($O48="Closed","Closed",IF($F48="Unassigned","Unassigned",IF(AND($K48<>"",$K48<Settings!$C$3),"Overdue",IF($Q48>=Settings!$C$4,"Inactive","On Track"))))) -> Closed | S48: =IF($O48<>"Open","",IF($P48<=7,"0-7 days",IF($P48<=15,"8-15 days",IF($P48<=30,"16-30 days",IF($P48<=60,"31-60 days","60+ days"))))) | T48: =IF($A48="","",DATE(YEAR($B48),MONTH($B48),1)) -> 46174 | U48: =IF(AND($O48="Open",OR(Dashboard!$D$3="All",$F48=Dashboard!$D$3)),$H48+ROW()/100000,0) -> 0
A49: L-0048 | B49: 46199.569 | C49: Referral | D49: Union Contracting LLC | E49: Office Supplies | F49: Sara Thomas | G49: Lost | H49: 56900 | I49: 46199.707 | J49: 46229 | L49: 46229 | M49: Competitor won | N49: =IF(OR($A49="",$I49=""),"",ROUND(($I49-$B49)*24,1)) -> 3.3 | O49: =IF($A49="","",IF(OR($G49="Won",$G49="Lost"),"Closed","Open")) -> Closed | P49: =IF($A49="","",IF($L49<>"",$L49,Settings!$C$3)-INT($B49)) -> 30 | Q49: =IF($O49<>"Open","",Settings!$C$3-IF($J49<>"",$J49,INT($B49))) | R49: =IF($A49="","",IF($O49="Closed","Closed",IF($F49="Unassigned","Unassigned",IF(AND($K49<>"",$K49<Settings!$C$3),"Overdue",IF($Q49>=Settings!$C$4,"Inactive","On Track"))))) -> Closed | S49: =IF($O49<>"Open","",IF($P49<=7,"0-7 days",IF($P49<=15,"8-15 days",IF($P49<=30,"16-30 days",IF($P49<=60,"31-60 days","60+ days"))))) | T49: =IF($A49="","",DATE(YEAR($B49),MONTH($B49),1)) -> 46174 | U49: =IF(AND($O49="Open",OR(Dashboard!$D$3="All",$F49=Dashboard!$D$3)),$H49+ROW()/100000,0) -> 0
A50: L-0049 | B50: 46199.701 | C50: Website | D50: Pearl Engineering | E50: Electrical Items | F50: Ahmed Hassan | G50: Won | H50: 37600 | I50: 46200.11 | J50: 46227 | L50: 46227 | N50: =IF(OR($A50="",$I50=""),"",ROUND(($I50-$B50)*24,1)) -> 9.8 | O50: =IF($A50="","",IF(OR($G50="Won",$G50="Lost"),"Closed","Open")) -> Closed | P50: =IF($A50="","",IF($L50<>"",$L50,Settings!$C$3)-INT($B50)) -> 28 | Q50: =IF($O50<>"Open","",Settings!$C$3-IF($J50<>"",$J50,INT($B50))) | R50: =IF($A50="","",IF($O50="Closed","Closed",IF($F50="Unassigned","Unassigned",IF(AND($K50<>"",$K50<Settings!$C$3),"Overdue",IF($Q50>=Settings!$C$4,"Inactive","On Track"))))) -> Closed | S50: =IF($O50<>"Open","",IF($P50<=7,"0-7 days",IF($P50<=15,"8-15 days",IF($P50<=30,"16-30 days",IF($P50<=60,"31-60 days","60+ days"))))) | T50: =IF($A50="","",DATE(YEAR($B50),MONTH($B50),1)) -> 46174 | U50: =IF(AND($O50="Open",OR(Dashboard!$D$3="All",$F50=Dashboard!$D$3)),$H50+ROW()/100000,0) -> 0
A51: L-0050 | B51: 46199.729 | C51: Phone Call | D51: Pearl Trading LLC | E51: Office Supplies | F51: Omar Siddiqui | G51: Won | H51: 2900 | I51: 46200.113 | J51: 46217 | L51: 46217 | N51: =IF(OR($A51="",$I51=""),"",ROUND(($I51-$B51)*24,1)) -> 9.2 | O51: =IF($A51="","",IF(OR($G51="Won",$G51="Lost"),"Closed","Open")) -> Closed | P51: =IF($A51="","",IF($L51<>"",$L51,Settings!$C$3)-INT($B51)) -> 18 | Q51: =IF($O51<>"Open","",Settings!$C$3-IF($J51<>"",$J51,INT($B51))) | R51: =IF($A51="","",IF($O51="Closed","Closed",IF($F51="Unassigned","Unassigned",IF(AND($K51<>"",$K51<Settings!$C$3),"Overdue",IF($Q51>=Settings!$C$4,"Inactive","On Track"))))) -> Closed | S51: =IF($O51<>"Open","",IF($P51<=7,"0-7 days",IF($P51<=15,"8-15 days",IF($P51<=30,"16-30 days",IF($P51<=60,"31-60 days","60+ days"))))) | T51: =IF($A51="","",DATE(YEAR($B51),MONTH($B51),1)) -> 46174 | U51: =IF(AND($O51="Open",OR(Dashboard!$D$3="All",$F51=Dashboard!$D$3)),$H51+ROW()/100000,0) -> 0
A52: L-0051 | B52: 46200.431 | C52: LinkedIn | D52: Union Facility Mgmt | E52: Electrical Items | F52: Priya Nair | G52: Lost | H52: 18400 | I52: 46200.685 | J52: 46204 | L52: 46204 | M52: Price too high | N52: =IF(OR($A52="",$I52=""),"",ROUND(($I52-$B52)*24,1)) -> 6.1 | O52: =IF($A52="","",IF(OR($G52="Won",$G52="Lost"),"Closed","Open")) -> Closed | P52: =IF($A52="","",IF($L52<>"",$L52,Settings!$C$3)-INT($B52)) -> 4 | Q52: =IF($O52<>"Open","",Settings!$C$3-IF($J52<>"",$J52,INT($B52))) | R52: =IF($A52="","",IF($O52="Closed","Closed",IF($F52="Unassigned","Unassigned",IF(AND($K52<>"",$K52<Settings!$C$3),"Overdue",IF($Q52>=Settings!$C$4,"Inactive","On Track"))))) -> Closed | S52: =IF($O52<>"Open","",IF($P52<=7,"0-7 days",IF($P52<=15,"8-15 days",IF($P52<=30,"16-30 days",IF($P52<=60,"31-60 days","60+ days"))))) | T52: =IF($A52="","",DATE(YEAR($B52),MONTH($B52),1)) -> 46174 | U52: =IF(AND($O52="Open",OR(Dashboard!$D$3="All",$F52=Dashboard!$D$3)),$H52+ROW()/100000,0) -> 0
A53: L-0052 | B53: 46200.569 | C53: Website | D53: Skyline Contracting LLC | E53: Electrical Items | F53: Priya Nair | G53: Negotiation | H53: 33600 | I53: 46200.819 | J53: 46312 | K53: 46317 | N53: =IF(OR($A53="",$I53=""),"",ROUND(($I53-$B53)*24,1)) -> 6 | O53: =IF($A53="","",IF(OR($G53="Won",$G53="Lost"),"Closed","Open")) -> Open | P53: =IF($A53="","",IF($L53<>"",$L53,Settings!$C$3)-INT($B53)) -> 114 | Q53: =IF($O53<>"Open","",Settings!$C$3-IF($J53<>"",$J53,INT($B53))) -> 2 | R53: =IF($A53="","",IF($O53="Closed","Closed",IF($F53="Unassigned","Unassigned",IF(AND($K53<>"",$K53<Settings!$C$3),"Overdue",IF($Q53>=Settings!$C$4,"Inactive","On Track"))))) -> On Track | S53: =IF($O53<>"Open","",IF($P53<=7,"0-7 days",IF($P53<=15,"8-15 days",IF($P53<=30,"16-30 days",IF($P53<=60,"31-60 days","60+ days"))))) -> 60+ days | T53: =IF($A53="","",DATE(YEAR($B53),MONTH($B53),1)) -> 46174 | U53: =IF(AND($O53="Open",OR(Dashboard!$D$3="All",$F53=Dashboard!$D$3)),$H53+ROW()/100000,0) -> 33600.001
A54: L-0053 | B54: 46200.736 | C54: Referral | D54: Emirates Construction | E54: Electrical Items | F54: Fatima Khan | G54: Won | H54: 51700 | I54: 46200.849 | J54: 46223 | L54: 46223 | N54: =IF(OR($A54="",$I54=""),"",ROUND(($I54-$B54)*24,1)) -> 2.7 | O54: =IF($A54="","",IF(OR($G54="Won",$G54="Lost"),"Closed","Open")) -> Closed | P54: =IF($A54="","",IF($L54<>"",$L54,Settings!$C$3)-INT($B54)) -> 23 | Q54: =IF($O54<>"Open","",Settings!$C$3-IF($J54<>"",$J54,INT($B54))) | R54: =IF($A54="","",IF($O54="Closed","Closed",IF($F54="Unassigned","Unassigned",IF(AND($K54<>"",$K54<Settings!$C$3),"Overdue",IF($Q54>=Settings!$C$4,"Inactive","On Track"))))) -> Closed | S54: =IF($O54<>"Open","",IF($P54<=7,"0-7 days",IF($P54<=15,"8-15 days",IF($P54<=30,"16-30 days",IF($P54<=60,"31-60 days","60+ days"))))) | T54: =IF($A54="","",DATE(YEAR($B54),MONTH($B54),1)) -> 46174 | U54: =IF(AND($O54="Open",OR(Dashboard!$D$3="All",$F54=Dashboard!$D$3)),$H54+ROW()/100000,0) -> 0
A55: L-0054 | B55: 46200.743 | C55: WhatsApp | D55: Desert Contracting LLC | E55: Plumbing & Sanitary | F55: Omar Siddiqui | G55: Won | H55: 8400 | I55: 46202.797 | J55: 46232 | L55: 46232 | N55: =IF(OR($A55="",$I55=""),"",ROUND(($I55-$B55)*24,1)) -> 49.3 | O55: =IF($A55="","",IF(OR($G55="Won",$G55="Lost"),"Closed","Open")) -> Closed | P55: =IF($A55="","",IF($L55<>"",$L55,Settings!$C$3)-INT($B55)) -> 32 | Q55: =IF($O55<>"Open","",Settings!$C$3-IF($J55<>"",$J55,INT($B55))) | R55: =IF($A55="","",IF($O55="Closed","Closed",IF($F55="Unassigned","Unassigned",IF(AND($K55<>"",$K55<Settings!$C$3),"Overdue",IF($Q55>=Settings!$C$4,"Inactive","On Track"))))) -> Closed | S55: =IF($O55<>"Open","",IF($P55<=7,"0-7 days",IF($P55<=15,"8-15 days",IF($P55<=30,"16-30 days",IF($P55<=60,"31-60 days","60+ days"))))) | T55: =IF($A55="","",DATE(YEAR($B55),MONTH($B55),1)) -> 46174 | U55: =IF(AND($O55="Open",OR(Dashboard!$D$3="All",$F55=Dashboard!$D$3)),$H55+ROW()/100000,0) -> 0
A56: L-0055 | B56: 46201.479 | C56: Phone Call | D56: Sahara Industries | E56: Office Supplies | F56: Rahul Menon | G56: Lost | H56: 19600 | I56: 46201.562 | J56: 46234 | L56: 46234 | M56: Price too high | N56: =IF(OR($A56="",$I56=""),"",ROUND(($I56-$B56)*24,1)) -> 2 | O56: =IF($A56="","",IF(OR($G56="Won",$G56="Lost"),"Closed","Open")) -> Closed | P56: =IF($A56="","",IF($L56<>"",$L56,Settings!$C$3)-INT($B56)) -> 33 | Q56: =IF($O56<>"Open","",Settings!$C$3-IF($J56<>"",$J56,INT($B56))) | R56: =IF($A56="","",IF($O56="Closed","Closed",IF($F56="Unassigned","Unassigned",IF(AND($K56<>"",$K56<Settings!$C$3),"Overdue",IF($Q56>=Settings!$C$4,"Inactive","On Track"))))) -> Closed | S56: =IF($O56<>"Open","",IF($P56<=7,"0-7 days",IF($P56<=15,"8-15 days",IF($P56<=30,"16-30 days",IF($P56<=60,"31-60 days","60+ days"))))) | T56: =IF($A56="","",DATE(YEAR($B56),MONTH($B56),1)) -> 46174 | U56: =IF(AND($O56="Open",OR(Dashboard!$D$3="All",$F56=Dashboard!$D$3)),$H56+ROW()/100000,0) -> 0
A57: L-0056 | B57: 46201.583 | C57: WhatsApp | D57: Sahara Projects LLC | E57: Industrial Supplies | F57: Priya Nair | G57: Won | H57: 37900 | I57: 46203.646 | J57: 46241 | L57: 46241 | N57: =IF(OR($A57="",$I57=""),"",ROUND(($I57-$B57)*24,1)) -> 49.5 | O57: =IF($A57="","",IF(OR($G57="Won",$G57="Lost"),"Closed","Open")) -> Closed | P57: =IF($A57="","",IF($L57<>"",$L57,Settings!$C$3)-INT($B57)) -> 40 | Q57: =IF($O57<>"Open","",Settings!$C$3-IF($J57<>"",$J57,INT($B57))) | R57: =IF($A57="","",IF($O57="Closed","Closed",IF($F57="Unassigned","Unassigned",IF(AND($K57<>"",$K57<Settings!$C$3),"Overdue",IF($Q57>=Settings!$C$4,"Inactive","On Track"))))) -> Closed | S57: =IF($O57<>"Open","",IF($P57<=7,"0-7 days",IF($P57<=15,"8-15 days",IF($P57<=30,"16-30 days",IF($P57<=60,"31-60 days","60+ days"))))) | T57: =IF($A57="","",DATE(YEAR($B57),MONTH($B57),1)) -> 46174 | U57: =IF(AND($O57="Open",OR(Dashboard!$D$3="All",$F57=Dashboard!$D$3)),$H57+ROW()/100000,0) -> 0
A58: L-0057 | B58: 46202.368 | C58: Phone Call | D58: Pearl Facility Mgmt | E58: Building Materials | F58: Omar Siddiqui | G58: Lost | H58: 42400 | I58: 46202.622 | J58: 46207 | L58: 46207 | M58: Delivery time | N58: =IF(OR($A58="",$I58=""),"",ROUND(($I58-$B58)*24,1)) -> 6.1 | O58: =IF($A58="","",IF(OR($G58="Won",$G58="Lost"),"Closed","Open")) -> Closed | P58: =IF($A58="","",IF($L58<>"",$L58,Settings!$C$3)-INT($B58)) -> 5 | Q58: =IF($O58<>"Open","",Settings!$C$3-IF($J58<>"",$J58,INT($B58))) | R58: =IF($A58="","",IF($O58="Closed","Closed",IF($F58="Unassigned","Unassigned",IF(AND($K58<>"",$K58<Settings!$C$3),"Overdue",IF($Q58>=Settings!$C$4,"Inactive","On Track"))))) -> Closed | S58: =IF($O58<>"Open","",IF($P58<=7,"0-7 days",IF($P58<=15,"8-15 days",IF($P58<=30,"16-30 days",IF($P58<=60,"31-60 days","60+ days"))))) | T58: =IF($A58="","",DATE(YEAR($B58),MONTH($B58),1)) -> 46174 | U58: =IF(AND($O58="Open",OR(Dashboard!$D$3="All",$F58=Dashboard!$D$3)),$H58+ROW()/100000,0) -> 0
A59: L-0058 | B59: 46202.653 | C59: WhatsApp | D59: Sahara Facility Mgmt | E59: Safety Equipment | F59: Ahmed Hassan | G59: Won | H59: 96200 | I59: 46202.832 | J59: 46212 | L59: 46212 | N59: =IF(OR($A59="",$I59=""),"",ROUND(($I59-$B59)*24,1)) -> 4.3 | O59: =IF($A59="","",IF(OR($G59="Won",$G59="Lost"),"Closed","Open")) -> Closed | P59: =IF($A59="","",IF($L59<>"",$L59,Settings!$C$3)-INT($B59)) -> 10 | Q59: =IF($O59<>"Open","",Settings!$C$3-IF($J59<>"",$J59,INT($B59))) | R59: =IF($A59="","",IF($O59="Closed","Closed",IF($F59="Unassigned","Unassigned",IF(AND($K59<>"",$K59<Settings!$C$3),"Overdue",IF($Q59>=Settings!$C$4,"Inactive","On Track"))))) -> Closed | S59: =IF($O59<>"Open","",IF($P59<=7,"0-7 days",IF($P59<=15,"8-15 days",IF($P59<=30,"16-30 days",IF($P59<=60,"31-60 days","60+ days"))))) | T59: =IF($A59="","",DATE(YEAR($B59),MONTH($B59),1)) -> 46174 | U59: =IF(AND($O59="Open",OR(Dashboard!$D$3="All",$F59=Dashboard!$D$3)),$H59+ROW()/100000,0) -> 0
A60: L-0059 | B60: 46203.431 | C60: Referral | D60: Apex Facility Mgmt | E60: Office Supplies | F60: Rahul Menon | G60: Lost | H60: 18900 | I60: 46204.018 | J60: 46225 | L60: 46225 | M60: Competitor won | N60: =IF(OR($A60="",$I60=""),"",ROUND(($I60-$B60)*24,1)) -> 14.1 | O60: =IF($A60="","",IF(OR($G60="Won",$G60="Lost"),"Closed","Open")) -> Closed | P60: =IF($A60="","",IF($L60<>"",$L60,Settings!$C$3)-INT($B60)) -> 22 | Q60: =IF($O60<>"Open","",Settings!$C$3-IF($J60<>"",$J60,INT($B60))) | R60: =IF($A60="","",IF($O60="Closed","Closed",IF($F60="Unassigned","Unassigned",IF(AND($K60<>"",$K60<Settings!$C$3),"Overdue",IF($Q60>=Settings!$C$4,"Inactive","On Track"))))) -> Closed | S60: =IF($O60<>"Open","",IF($P60<=7,"0-7 days",IF($P60<=15,"8-15 days",IF($P60<=30,"16-30 days",IF($P60<=60,"31-60 days","60+ days"))))) | T60: =IF($A60="","",DATE(YEAR($B60),MONTH($B60),1)) -> 46174 | U60: =IF(AND($O60="Open",OR(Dashboard!$D$3="All",$F60=Dashboard!$D$3)),$H60+ROW()/100000,0) -> 0
A61: L-0060 | B61: 46203.562 | C61: Phone Call | D61: Desert Industries | E61: Plumbing & Sanitary | F61: Rahul Menon | G61: Won | H61: 20900 | I61: 46204.004 | J61: 46237 | L61: 46237 | N61: =IF(OR($A61="",$I61=""),"",ROUND(($I61-$B61)*24,1)) -> 10.6 | O61: =IF($A61="","",IF(OR($G61="Won",$G61="Lost"),"Closed","Open")) -> Closed | P61: =IF($A61="","",IF($L61<>"",$L61,Settings!$C$3)-INT($B61)) -> 34 | Q61: =IF($O61<>"Open","",Settings!$C$3-IF($J61<>"",$J61,INT($B61))) | R61: =IF($A61="","",IF($O61="Closed","Closed",IF($F61="Unassigned","Unassigned",IF(AND($K61<>"",$K61<Settings!$C$3),"Overdue",IF($Q61>=Settings!$C$4,"Inactive","On Track"))))) -> Closed | S61: =IF($O61<>"Open","",IF($P61<=7,"0-7 days",IF($P61<=15,"8-15 days",IF($P61<=30,"16-30 days",IF($P61<=60,"31-60 days","60+ days"))))) | T61: =IF($A61="","",DATE(YEAR($B61),MONTH($B61),1)) -> 46174 | U61: =IF(AND($O61="Open",OR(Dashboard!$D$3="All",$F61=Dashboard!$D$3)),$H61+ROW()/100000,0) -> 0
A62: L-0061 | B62: 46203.681 | C62: Exhibition | D62: Oasis Facility Mgmt | E62: Building Materials | F62: Sara Thomas | G62: Lost | H62: 26900 | I62: 46203.993 | J62: 46224 | L62: 46224 | M62: Price too high | N62: =IF(OR($A62="",$I62=""),"",ROUND(($I62-$B62)*24,1)) -> 7.5 | O62: =IF($A62="","",IF(OR($G62="Won",$G62="Lost"),"Closed","Open")) -> Closed | P62: =IF($A62="","",IF($L62<>"",$L62,Settings!$C$3)-INT($B62)) -> 21 | Q62: =IF($O62<>"Open","",Settings!$C$3-IF($J62<>"",$J62,INT($B62))) | R62: =IF($A62="","",IF($O62="Closed","Closed",IF($F62="Unassigned","Unassigned",IF(AND($K62<>"",$K62<Settings!$C$3),"Overdue",IF($Q62>=Settings!$C$4,"Inactive","On Track"))))) -> Closed | S62: =IF($O62<>"Open","",IF($P62<=7,"0-7 days",IF($P62<=15,"8-15 days",IF($P62<=30,"16-30 days",IF($P62<=60,"31-60 days","60+ days"))))) | T62: =IF($A62="","",DATE(YEAR($B62),MONTH($B62),1)) -> 46174 | U62: =IF(AND($O62="Open",OR(Dashboard!$D$3="All",$F62=Dashboard!$D$3)),$H62+ROW()/100000,0) -> 0
A63: L-0062 | B63: 46203.701 | C63: WhatsApp | D63: Skyline Engineering | E63: Office Supplies | F63: Fatima Khan | G63: Lost | H63: 37800 | I63: 46204.039 | J63: 46241 | L63: 46241 | M63: Competitor won | N63: =IF(OR($A63="",$I63=""),"",ROUND(($I63-$B63)*24,1)) -> 8.1 | O63: =IF($A63="","",IF(OR($G63="Won",$G63="Lost"),"Closed","Open")) -> Closed | P63: =IF($A63="","",IF($L63<>"",$L63,Settings!$C$3)-INT($B63)) -> 38 | Q63: =IF($O63<>"Open","",Settings!$C$3-IF($J63<>"",$J63,INT($B63))) | R63: =IF($A63="","",IF($O63="Closed","Closed",IF($F63="Unassigned","Unassigned",IF(AND($K63<>"",$K63<Settings!$C$3),"Overdue",IF($Q63>=Settings!$C$4,"Inactive","On Track"))))) -> Closed | S63: =IF($O63<>"Open","",IF($P63<=7,"0-7 days",IF($P63<=15,"8-15 days",IF($P63<=30,"16-30 days",IF($P63<=60,"31-60 days","60+ days"))))) | T63: =IF($A63="","",DATE(YEAR($B63),MONTH($B63),1)) -> 46174 | U63: =IF(AND($O63="Open",OR(Dashboard!$D$3="All",$F63=Dashboard!$D$3)),$H63+ROW()/100000,0) -> 0
A64: L-0063 | B64: 46205.562 | C64: Email | D64: Prime Contracting LLC | E64: Plumbing & Sanitary | F64: Priya Nair | G64: Lost | H64: 148600 | I64: 46205.829 | J64: 46222 | L64: 46222 | M64: Price too high | N64: =IF(OR($A64="",$I64=""),"",ROUND(($I64-$B64)*24,1)) -> 6.4 | O64: =IF($A64="","",IF(OR($G64="Won",$G64="Lost"),"Closed","Open")) -> Closed | P64: =IF($A64="","",IF($L64<>"",$L64,Settings!$C$3)-INT($B64)) -> 17 | Q64: =IF($O64<>"Open","",Settings!$C$3-IF($J64<>"",$J64,INT($B64))) | R64: =IF($A64="","",IF($O64="Closed","Closed",IF($F64="Unassigned","Unassigned",IF(AND($K64<>"",$K64<Settings!$C$3),"Overdue",IF($Q64>=Settings!$C$4,"Inactive","On Track"))))) -> Closed | S64: =IF($O64<>"Open","",IF($P64<=7,"0-7 days",IF($P64<=15,"8-15 days",IF($P64<=30,"16-30 days",IF($P64<=60,"31-60 days","60+ days"))))) | T64: =IF($A64="","",DATE(YEAR($B64),MONTH($B64),1)) -> 46204 | U64: =IF(AND($O64="Open",OR(Dashboard!$D$3="All",$F64=Dashboard!$D$3)),$H64+ROW()/100000,0) -> 0
A65: L-0064 | B65: 46207.389 | C65: Website | D65: Falcon Projects LLC | E65: Building Materials | F65: Omar Siddiqui | G65: Contacted | H65: 42100 | I65: 46207.876 | J65: 46313 | K65: 46319 | N65: =IF(OR($A65="",$I65=""),"",ROUND(($I65-$B65)*24,1)) -> 11.7 | O65: =IF($A65="","",IF(OR($G65="Won",$G65="Lost"),"Closed","Open")) -> Open | P65: =IF($A65="","",IF($L65<>"",$L65,Settings!$C$3)-INT($B65)) -> 107 | Q65: =IF($O65<>"Open","",Settings!$C$3-IF($J65<>"",$J65,INT($B65))) -> 1 | R65: =IF($A65="","",IF($O65="Closed","Closed",IF($F65="Unassigned","Unassigned",IF(AND($K65<>"",$K65<Settings!$C$3),"Overdue",IF($Q65>=Settings!$C$4,"Inactive","On Track"))))) -> On Track | S65: =IF($O65<>"Open","",IF($P65<=7,"0-7 days",IF($P65<=15,"8-15 days",IF($P65<=30,"16-30 days",IF($P65<=60,"31-60 days","60+ days"))))) -> 60+ days | T65: =IF($A65="","",DATE(YEAR($B65),MONTH($B65),1)) -> 46204 | U65: =IF(AND($O65="Open",OR(Dashboard!$D$3="All",$F65=Dashboard!$D$3)),$H65+ROW()/100000,0) -> 42100.001
A66: L-0065 | B66: 46207.681 | C66: Phone Call | D66: Al Noor Trading LLC | E66: Plumbing & Sanitary | F66: Ahmed Hassan | G66: Lost | H66: 41300 | I66: 46208.031 | J66: 46228 | L66: 46228 | M66: Requirement cancelled | N66: =IF(OR($A66="",$I66=""),"",ROUND(($I66-$B66)*24,1)) -> 8.4 | O66: =IF($A66="","",IF(OR($G66="Won",$G66="Lost"),"Closed","Open")) -> Closed | P66: =IF($A66="","",IF($L66<>"",$L66,Settings!$C$3)-INT($B66)) -> 21 | Q66: =IF($O66<>"Open","",Settings!$C$3-IF($J66<>"",$J66,INT($B66))) | R66: =IF($A66="","",IF($O66="Closed","Closed",IF($F66="Unassigned","Unassigned",IF(AND($K66<>"",$K66<Settings!$C$3),"Overdue",IF($Q66>=Settings!$C$4,"Inactive","On Track"))))) -> Closed | S66: =IF($O66<>"Open","",IF($P66<=7,"0-7 days",IF($P66<=15,"8-15 days",IF($P66<=30,"16-30 days",IF($P66<=60,"31-60 days","60+ days"))))) | T66: =IF($A66="","",DATE(YEAR($B66),MONTH($B66),1)) -> 46204 | U66: =IF(AND($O66="Open",OR(Dashboard!$D$3="All",$F66=Dashboard!$D$3)),$H66+ROW()/100000,0) -> 0
A67: L-0066 | B67: 46208.5 | C67: Website | D67: Royal Facility Mgmt | E67: Building Materials | F67: Rahul Menon | G67: Lost | H67: 46500 | I67: 46209.367 | J67: 46214 | L67: 46214 | M67: Price too high | N67: =IF(OR($A67="",$I67=""),"",ROUND(($I67-$B67)*24,1)) -> 20.8 | O67: =IF($A67="","",IF(OR($G67="Won",$G67="Lost"),"Closed","Open")) -> Closed | P67: =IF($A67="","",IF($L67<>"",$L67,Settings!$C$3)-INT($B67)) -> 6 | Q67: =IF($O67<>"Open","",Settings!$C$3-IF($J67<>"",$J67,INT($B67))) | R67: =IF($A67="","",IF($O67="Closed","Closed",IF($F67="Unassigned","Unassigned",IF(AND($K67<>"",$K67<Settings!$C$3),"Overdue",IF($Q67>=Settings!$C$4,"Inactive","On Track"))))) -> Closed | S67: =IF($O67<>"Open","",IF($P67<=7,"0-7 days",IF($P67<=15,"8-15 days",IF($P67<=30,"16-30 days",IF($P67<=60,"31-60 days","60+ days"))))) | T67: =IF($A67="","",DATE(YEAR($B67),MONTH($B67),1)) -> 46204 | U67: =IF(AND($O67="Open",OR(Dashboard!$D$3="All",$F67=Dashboard!$D$3)),$H67+ROW()/100000,0) -> 0
A68: L-0067 | B68: 46209.41 | C68: WhatsApp | D68: Gulf Contracting LLC | E68: Office Supplies | F68: Sara Thomas | G68: Contacted | H68: 47800 | I68: 46209.547 | J68: 46309 | K68: 46312 | N68: =IF(OR($A68="",$I68=""),"",ROUND(($I68-$B68)*24,1)) -> 3.3 | O68: =IF($A68="","",IF(OR($G68="Won",$G68="Lost"),"Closed","Open")) -> Open | P68: =IF($A68="","",IF($L68<>"",$L68,Settings!$C$3)-INT($B68)) -> 105 | Q68: =IF($O68<>"Open","",Settings!$C$3-IF($J68<>"",$J68,INT($B68))) -> 5 | R68: =IF($A68="","",IF($O68="Closed","Closed",IF($F68="Unassigned","Unassigned",IF(AND($K68<>"",$K68<Settings!$C$3),"Overdue",IF($Q68>=Settings!$C$4,"Inactive","On Track"))))) -> Overdue | S68: =IF($O68<>"Open","",IF($P68<=7,"0-7 days",IF($P68<=15,"8-15 days",IF($P68<=30,"16-30 days",IF($P68<=60,"31-60 days","60+ days"))))) -> 60+ days | T68: =IF($A68="","",DATE(YEAR($B68),MONTH($B68),1)) -> 46204 | U68: =IF(AND($O68="Open",OR(Dashboard!$D$3="All",$F68=Dashboard!$D$3)),$H68+ROW()/100000,0) -> 47800.001
A69: L-0068 | B69: 46209.493 | C69: LinkedIn | D69: Apex Contracting LLC | E69: Electrical Items | F69: Ahmed Hassan | G69: Lost | H69: 71800 | I69: 46210.289 | J69: 46215 | L69: 46215 | M69: Out of stock | N69: =IF(OR($A69="",$I69=""),"",ROUND(($I69-$B69)*24,1)) -> 19.1 | O69: =IF($A69="","",IF(OR($G69="Won",$G69="Lost"),"Closed","Open")) -> Closed | P69: =IF($A69="","",IF($L69<>"",$L69,Settings!$C$3)-INT($B69)) -> 6 | Q69: =IF($O69<>"Open","",Settings!$C$3-IF($J69<>"",$J69,INT($B69))) | R69: =IF($A69="","",IF($O69="Closed","Closed",IF($F69="Unassigned","Unassigned",IF(AND($K69<>"",$K69<Settings!$C$3),"Overdue",IF($Q69>=Settings!$C$4,"Inactive","On Track"))))) -> Closed | S69: =IF($O69<>"Open","",IF($P69<=7,"0-7 days",IF($P69<=15,"8-15 days",IF($P69<=30,"16-30 days",IF($P69<=60,"31-60 days","60+ days"))))) | T69: =IF($A69="","",DATE(YEAR($B69),MONTH($B69),1)) -> 46204 | U69: =IF(AND($O69="Open",OR(Dashboard!$D$3="All",$F69=Dashboard!$D$3)),$H69+ROW()/100000,0) -> 0
A70: L-0069 | B70: 46210.375 | C70: Referral | D70: Sahara Technical Services | E70: Industrial Supplies | F70: Fatima Khan | G70: Quotation Sent | H70: 21300 | I70: 46210.754 | J70: 46306 | K70: 46313 | N70: =IF(OR($A70="",$I70=""),"",ROUND(($I70-$B70)*24,1)) -> 9.1 | O70: =IF($A70="","",IF(OR($G70="Won",$G70="Lost"),"Closed","Open")) -> Open | P70: =IF($A70="","",IF($L70<>"",$L70,Settings!$C$3)-INT($B70)) -> 104 | Q70: =IF($O70<>"Open","",Settings!$C$3-IF($J70<>"",$J70,INT($B70))) -> 8 | R70: =IF($A70="","",IF($O70="Closed","Closed",IF($F70="Unassigned","Unassigned",IF(AND($K70<>"",$K70<Settings!$C$3),"Overdue",IF($Q70>=Settings!$C$4,"Inactive","On Track"))))) -> Overdue | S70: =IF($O70<>"Open","",IF($P70<=7,"0-7 days",IF($P70<=15,"8-15 days",IF($P70<=30,"16-30 days",IF($P70<=60,"31-60 days","60+ days"))))) -> 60+ days | T70: =IF($A70="","",DATE(YEAR($B70),MONTH($B70),1)) -> 46204 | U70: =IF(AND($O70="Open",OR(Dashboard!$D$3="All",$F70=Dashboard!$D$3)),$H70+ROW()/100000,0) -> 21300.001
A71: L-0070 | B71: 46210.556 | C71: WhatsApp | D71: Royal Engineering | E71: Office Supplies | F71: Sara Thomas | G71: Lost | H71: 84400 | I71: 46210.939 | J71: 46235 | L71: 46235 | M71: Price too high | N71: =IF(OR($A71="",$I71=""),"",ROUND(($I71-$B71)*24,1)) -> 9.2 | O71: =IF($A71="","",IF(OR($G71="Won",$G71="Lost"),"Closed","Open")) -> Closed | P71: =IF($A71="","",IF($L71<>"",$L71,Settings!$C$3)-INT($B71)) -> 25 | Q71: =IF($O71<>"Open","",Settings!$C$3-IF($J71<>"",$J71,INT($B71))) | R71: =IF($A71="","",IF($O71="Closed","Closed",IF($F71="Unassigned","Unassigned",IF(AND($K71<>"",$K71<Settings!$C$3),"Overdue",IF($Q71>=Settings!$C$4,"Inactive","On Track"))))) -> Closed | S71: =IF($O71<>"Open","",IF($P71<=7,"0-7 days",IF($P71<=15,"8-15 days",IF($P71<=30,"16-30 days",IF($P71<=60,"31-60 days","60+ days"))))) | T71: =IF($A71="","",DATE(YEAR($B71),MONTH($B71),1)) -> 46204 | U71: =IF(AND($O71="Open",OR(Dashboard!$D$3="All",$F71=Dashboard!$D$3)),$H71+ROW()/100000,0) -> 0
A72: L-0071 | B72: 46210.743 | C72: Phone Call | D72: Oasis Technical Services | E72: Building Materials | F72: Priya Nair | G72: Won | H72: 58000 | I72: 46210.851 | J72: 46237 | L72: 46237 | N72: =IF(OR($A72="",$I72=""),"",ROUND(($I72-$B72)*24,1)) -> 2.6 | O72: =IF($A72="","",IF(OR($G72="Won",$G72="Lost"),"Closed","Open")) -> Closed | P72: =IF($A72="","",IF($L72<>"",$L72,Settings!$C$3)-INT($B72)) -> 27 | Q72: =IF($O72<>"Open","",Settings!$C$3-IF($J72<>"",$J72,INT($B72))) | R72: =IF($A72="","",IF($O72="Closed","Closed",IF($F72="Unassigned","Unassigned",IF(AND($K72<>"",$K72<Settings!$C$3),"Overdue",IF($Q72>=Settings!$C$4,"Inactive","On Track"))))) -> Closed | S72: =IF($O72<>"Open","",IF($P72<=7,"0-7 days",IF($P72<=15,"8-15 days",IF($P72<=30,"16-30 days",IF($P72<=60,"31-60 days","60+ days"))))) | T72: =IF($A72="","",DATE(YEAR($B72),MONTH($B72),1)) -> 46204 | U72: =IF(AND($O72="Open",OR(Dashboard!$D$3="All",$F72=Dashboard!$D$3)),$H72+ROW()/100000,0) -> 0
A73: L-0072 | B73: 46210.743 | C73: Website | D73: Metro Construction | E73: Electrical Items | F73: Priya Nair | G73: Won | H73: 33700 | I73: 46210.943 | J73: 46222 | L73: 46222 | N73: =IF(OR($A73="",$I73=""),"",ROUND(($I73-$B73)*24,1)) -> 4.8 | O73: =IF($A73="","",IF(OR($G73="Won",$G73="Lost"),"Closed","Open")) -> Closed | P73: =IF($A73="","",IF($L73<>"",$L73,Settings!$C$3)-INT($B73)) -> 12 | Q73: =IF($O73<>"Open","",Settings!$C$3-IF($J73<>"",$J73,INT($B73))) | R73: =IF($A73="","",IF($O73="Closed","Closed",IF($F73="Unassigned","Unassigned",IF(AND($K73<>"",$K73<Settings!$C$3),"Overdue",IF($Q73>=Settings!$C$4,"Inactive","On Track"))))) -> Closed | S73: =IF($O73<>"Open","",IF($P73<=7,"0-7 days",IF($P73<=15,"8-15 days",IF($P73<=30,"16-30 days",IF($P73<=60,"31-60 days","60+ days"))))) | T73: =IF($A73="","",DATE(YEAR($B73),MONTH($B73),1)) -> 46204 | U73: =IF(AND($O73="Open",OR(Dashboard!$D$3="All",$F73=Dashboard!$D$3)),$H73+ROW()/100000,0) -> 0
A74: L-0073 | B74: 46211.444 | C74: WhatsApp | D74: Royal Technical Services | E74: Building Materials | F74: Omar Siddiqui | G74: Contacted | H74: 23400 | I74: 46212.803 | J74: 46302 | K74: 46305 | N74: =IF(OR($A74="",$I74=""),"",ROUND(($I74-$B74)*24,1)) -> 32.6 | O74: =IF($A74="","",IF(OR($G74="Won",$G74="Lost"),"Closed","Open")) -> Open | P74: =IF($A74="","",IF($L74<>"",$L74,Settings!$C$3)-INT($B74)) -> 103 | Q74: =IF($O74<>"Open","",Settings!$C$3-IF($J74<>"",$J74,INT($B74))) -> 12 | R74: =IF($A74="","",IF($O74="Closed","Closed",IF($F74="Unassigned","Unassigned",IF(AND($K74<>"",$K74<Settings!$C$3),"Overdue",IF($Q74>=Settings!$C$4,"Inactive","On Track"))))) -> Overdue | S74: =IF($O74<>"Open","",IF($P74<=7,"0-7 days",IF($P74<=15,"8-15 days",IF($P74<=30,"16-30 days",IF($P74<=60,"31-60 days","60+ days"))))) -> 60+ days | T74: =IF($A74="","",DATE(YEAR($B74),MONTH($B74),1)) -> 46204 | U74: =IF(AND($O74="Open",OR(Dashboard!$D$3="All",$F74=Dashboard!$D$3)),$H74+ROW()/100000,0) -> 23400.001
A75: L-0074 | B75: 46211.458 | C75: Website | D75: Skyline Technical Services | E75: Industrial Supplies | F75: Fatima Khan | G75: Won | H75: 39600 | I75: 46211.533 | J75: 46219 | L75: 46219 | N75: =IF(OR($A75="",$I75=""),"",ROUND(($I75-$B75)*24,1)) -> 1.8 | O75: =IF($A75="","",IF(OR($G75="Won",$G75="Lost"),"Closed","Open")) -> Closed | P75: =IF($A75="","",IF($L75<>"",$L75,Settings!$C$3)-INT($B75)) -> 8 | Q75: =IF($O75<>"Open","",Settings!$C$3-IF($J75<>"",$J75,INT($B75))) | R75: =IF($A75="","",IF($O75="Closed","Closed",IF($F75="Unassigned","Unassigned",IF(AND($K75<>"",$K75<Settings!$C$3),"Overdue",IF($Q75>=Settings!$C$4,"Inactive","On Track"))))) -> Closed | S75: =IF($O75<>"Open","",IF($P75<=7,"0-7 days",IF($P75<=15,"8-15 days",IF($P75<=30,"16-30 days",IF($P75<=60,"31-60 days","60+ days"))))) | T75: =IF($A75="","",DATE(YEAR($B75),MONTH($B75),1)) -> 46204 | U75: =IF(AND($O75="Open",OR(Dashboard!$D$3="All",$F75=Dashboard!$D$3)),$H75+ROW()/100000,0) -> 0
A76: L-0075 | B76: 46211.59 | C76: Walk-in | D76: Union Technical Services | E76: Industrial Supplies | F76: Rahul Menon | G76: Won | H76: 23900 | I76: 46211.778 | J76: 46238 | L76: 46238 | N76: =IF(OR($A76="",$I76=""),"",ROUND(($I76-$B76)*24,1)) -> 4.5 | O76: =IF($A76="","",IF(OR($G76="Won",$G76="Lost"),"Closed","Open")) -> Closed | P76: =IF($A76="","",IF($L76<>"",$L76,Settings!$C$3)-INT($B76)) -> 27 | Q76: =IF($O76<>"Open","",Settings!$C$3-IF($J76<>"",$J76,INT($B76))) | R76: =IF($A76="","",IF($O76="Closed","Closed",IF($F76="Unassigned","Unassigned",IF(AND($K76<>"",$K76<Settings!$C$3),"Overdue",IF($Q76>=Settings!$C$4,"Inactive","On Track"))))) -> Closed | S76: =IF($O76<>"Open","",IF($P76<=7,"0-7 days",IF($P76<=15,"8-15 days",IF($P76<=30,"16-30 days",IF($P76<=60,"31-60 days","60+ days"))))) | T76: =IF($A76="","",DATE(YEAR($B76),MONTH($B76),1)) -> 46204 | U76: =IF(AND($O76="Open",OR(Dashboard!$D$3="All",$F76=Dashboard!$D$3)),$H76+ROW()/100000,0) -> 0
A77: L-0076 | B77: 46212.528 | C77: Website | D77: Desert Technical Services | E77: Building Materials | F77: Sara Thomas | G77: Won | H77: 67000 | I77: 46212.728 | J77: 46231 | L77: 46231 | N77: =IF(OR($A77="",$I77=""),"",ROUND(($I77-$B77)*24,1)) -> 4.8 | O77: =IF($A77="","",IF(OR($G77="Won",$G77="Lost"),"Closed","Open")) -> Closed | P77: =IF($A77="","",IF($L77<>"",$L77,Settings!$C$3)-INT($B77)) -> 19 | Q77: =IF($O77<>"Open","",Settings!$C$3-IF($J77<>"",$J77,INT($B77))) | R77: =IF($A77="","",IF($O77="Closed","Closed",IF($F77="Unassigned","Unassigned",IF(AND($K77<>"",$K77<Settings!$C$3),"Overdue",IF($Q77>=Settings!$C$4,"Inactive","On Track"))))) -> Closed | S77: =IF($O77<>"Open","",IF($P77<=7,"0-7 days",IF($P77<=15,"8-15 days",IF($P77<=30,"16-30 days",IF($P77<=60,"31-60 days","60+ days"))))) | T77: =IF($A77="","",DATE(YEAR($B77),MONTH($B77),1)) -> 46204 | U77: =IF(AND($O77="Open",OR(Dashboard!$D$3="All",$F77=Dashboard!$D$3)),$H77+ROW()/100000,0) -> 0
A78: L-0077 | B78: 46212.542 | C78: Email | D78: Skyline Trading LLC | E78: Electrical Items | F78: Rahul Menon | G78: Lost | H78: 14800 | I78: 46212.633 | J78: 46236 | L78: 46236 | M78: Competitor won | N78: =IF(OR($A78="",$I78=""),"",ROUND(($I78-$B78)*24,1)) -> 2.2 | O78: =IF($A78="","",IF(OR($G78="Won",$G78="Lost"),"Closed","Open")) -> Closed | P78: =IF($A78="","",IF($L78<>"",$L78,Settings!$C$3)-INT($B78)) -> 24 | Q78: =IF($O78<>"Open","",Settings!$C$3-IF($J78<>"",$J78,INT($B78))) | R78: =IF($A78="","",IF($O78="Closed","Closed",IF($F78="Unassigned","Unassigned",IF(AND($K78<>"",$K78<Settings!$C$3),"Overdue",IF($Q78>=Settings!$C$4,"Inactive","On Track"))))) -> Closed | S78: =IF($O78<>"Open","",IF($P78<=7,"0-7 days",IF($P78<=15,"8-15 days",IF($P78<=30,"16-30 days",IF($P78<=60,"31-60 days","60+ days"))))) | T78: =IF($A78="","",DATE(YEAR($B78),MONTH($B78),1)) -> 46204 | U78: =IF(AND($O78="Open",OR(Dashboard!$D$3="All",$F78=Dashboard!$D$3)),$H78+ROW()/100000,0) -> 0
A79: L-0078 | B79: 46212.625 | C79: Phone Call | D79: Oasis Trading LLC | E79: Plumbing & Sanitary | F79: Fatima Khan | G79: Lost | H79: 209300 | I79: 46212.654 | J79: 46216 | L79: 46216 | M79: Out of stock | N79: =IF(OR($A79="",$I79=""),"",ROUND(($I79-$B79)*24,1)) -> 0.7 | O79: =IF($A79="","",IF(OR($G79="Won",$G79="Lost"),"Closed","Open")) -> Closed | P79: =IF($A79="","",IF($L79<>"",$L79,Settings!$C$3)-INT($B79)) -> 4 | Q79: =IF($O79<>"Open","",Settings!$C$3-IF($J79<>"",$J79,INT($B79))) | R79: =IF($A79="","",IF($O79="Closed","Closed",IF($F79="Unassigned","Unassigned",IF(AND($K79<>"",$K79<Settings!$C$3),"Overdue",IF($Q79>=Settings!$C$4,"Inactive","On Track"))))) -> Closed | S79: =IF($O79<>"Open","",IF($P79<=7,"0-7 days",IF($P79<=15,"8-15 days",IF($P79<=30,"16-30 days",IF($P79<=60,"31-60 days","60+ days"))))) | T79: =IF($A79="","",DATE(YEAR($B79),MONTH($B79),1)) -> 46204 | U79: =IF(AND($O79="Open",OR(Dashboard!$D$3="All",$F79=Dashboard!$D$3)),$H79+ROW()/100000,0) -> 0
A80: L-0079 | B80: 46212.653 | C80: Phone Call | D80: Horizon Engineering | E80: Office Supplies | F80: Priya Nair | G80: Won | H80: 14300 | I80: 46212.774 | J80: 46252 | L80: 46252 | N80: =IF(OR($A80="",$I80=""),"",ROUND(($I80-$B80)*24,1)) -> 2.9 | O80: =IF($A80="","",IF(OR($G80="Won",$G80="Lost"),"Closed","Open")) -> Closed | P80: =IF($A80="","",IF($L80<>"",$L80,Settings!$C$3)-INT($B80)) -> 40 | Q80: =IF($O80<>"Open","",Settings!$C$3-IF($J80<>"",$J80,INT($B80))) | R80: =IF($A80="","",IF($O80="Closed","Closed",IF($F80="Unassigned","Unassigned",IF(AND($K80<>"",$K80<Settings!$C$3),"Overdue",IF($Q80>=Settings!$C$4,"Inactive","On Track"))))) -> Closed | S80: =IF($O80<>"Open","",IF($P80<=7,"0-7 days",IF($P80<=15,"8-15 days",IF($P80<=30,"16-30 days",IF($P80<=60,"31-60 days","60+ days"))))) | T80: =IF($A80="","",DATE(YEAR($B80),MONTH($B80),1)) -> 46204 | U80: =IF(AND($O80="Open",OR(Dashboard!$D$3="All",$F80=Dashboard!$D$3)),$H80+ROW()/100000,0) -> 0
A81: L-0080 | B81: 46212.667 | C81: Phone Call | D81: Al Noor Facility Mgmt | E81: Office Supplies | F81: Omar Siddiqui | G81: Lost | H81: 43700 | I81: 46213.262 | J81: 46218 | L81: 46218 | M81: No response | N81: =IF(OR($A81="",$I81=""),"",ROUND(($I81-$B81)*24,1)) -> 14.3 | O81: =IF($A81="","",IF(OR($G81="Won",$G81="Lost"),"Closed","Open")) -> Closed | P81: =IF($A81="","",IF($L81<>"",$L81,Settings!$C$3)-INT($B81)) -> 6 | Q81: =IF($O81<>"Open","",Settings!$C$3-IF($J81<>"",$J81,INT($B81))) | R81: =IF($A81="","",IF($O81="Closed","Closed",IF($F81="Unassigned","Unassigned",IF(AND($K81<>"",$K81<Settings!$C$3),"Overdue",IF($Q81>=Settings!$C$4,"Inactive","On Track"))))) -> Closed | S81: =IF($O81<>"Open","",IF($P81<=7,"0-7 days",IF($P81<=15,"8-15 days",IF($P81<=30,"16-30 days",IF($P81<=60,"31-60 days","60+ days"))))) | T81: =IF($A81="","",DATE(YEAR($B81),MONTH($B81),1)) -> 46204 | U81: =IF(AND($O81="Open",OR(Dashboard!$D$3="All",$F81=Dashboard!$D$3)),$H81+ROW()/100000,0) -> 0
A82: L-0081 | B82: 46212.715 | C82: Referral | D82: Al Noor Contracting LLC | E82: Industrial Supplies | F82: Sara Thomas | G82: Lost | H82: 28100 | I82: 46212.936 | J82: 46251 | L82: 46251 | M82: Price too high | N82: =IF(OR($A82="",$I82=""),"",ROUND(($I82-$B82)*24,1)) -> 5.3 | O82: =IF($A82="","",IF(OR($G82="Won",$G82="Lost"),"Closed","Open")) -> Closed | P82: =IF($A82="","",IF($L82<>"",$L82,Settings!$C$3)-INT($B82)) -> 39 | Q82: =IF($O82<>"Open","",Settings!$C$3-IF($J82<>"",$J82,INT($B82))) | R82: =IF($A82="","",IF($O82="Closed","Closed",IF($F82="Unassigned","Unassigned",IF(AND($K82<>"",$K82<Settings!$C$3),"Overdue",IF($Q82>=Settings!$C$4,"Inactive","On Track"))))) -> Closed | S82: =IF($O82<>"Open","",IF($P82<=7,"0-7 days",IF($P82<=15,"8-15 days",IF($P82<=30,"16-30 days",IF($P82<=60,"31-60 days","60+ days"))))) | T82: =IF($A82="","",DATE(YEAR($B82),MONTH($B82),1)) -> 46204 | U82: =IF(AND($O82="Open",OR(Dashboard!$D$3="All",$F82=Dashboard!$D$3)),$H82+ROW()/100000,0) -> 0
A83: L-0082 | B83: 46213.396 | C83: WhatsApp | D83: Oasis Contracting LLC | E83: Safety Equipment | F83: Priya Nair | G83: Won | H83: 82000 | I83: 46213.454 | J83: 46221 | L83: 46221 | N83: =IF(OR($A83="",$I83=""),"",ROUND(($I83-$B83)*24,1)) -> 1.4 | O83: =IF($A83="","",IF(OR($G83="Won",$G83="Lost"),"Closed","Open")) -> Closed | P83: =IF($A83="","",IF($L83<>"",$L83,Settings!$C$3)-INT($B83)) -> 8 | Q83: =IF($O83<>"Open","",Settings!$C$3-IF($J83<>"",$J83,INT($B83))) | R83: =IF($A83="","",IF($O83="Closed","Closed",IF($F83="Unassigned","Unassigned",IF(AND($K83<>"",$K83<Settings!$C$3),"Overdue",IF($Q83>=Settings!$C$4,"Inactive","On Track"))))) -> Closed | S83: =IF($O83<>"Open","",IF($P83<=7,"0-7 days",IF($P83<=15,"8-15 days",IF($P83<=30,"16-30 days",IF($P83<=60,"31-60 days","60+ days"))))) | T83: =IF($A83="","",DATE(YEAR($B83),MONTH($B83),1)) -> 46204 | U83: =IF(AND($O83="Open",OR(Dashboard!$D$3="All",$F83=Dashboard!$D$3)),$H83+ROW()/100000,0) -> 0
A84: L-0083 | B84: 46213.625 | C84: Website | D84: Al Noor Projects LLC | E84: Office Supplies | F84: Rahul Menon | G84: Contacted | H84: 23300 | I84: 46213.662 | J84: 46313 | K84: 46320 | N84: =IF(OR($A84="",$I84=""),"",ROUND(($I84-$B84)*24,1)) -> 0.9 | O84: =IF($A84="","",IF(OR($G84="Won",$G84="Lost"),"Closed","Open")) -> Open | P84: =IF($A84="","",IF($L84<>"",$L84,Settings!$C$3)-INT($B84)) -> 101 | Q84: =IF($O84<>"Open","",Settings!$C$3-IF($J84<>"",$J84,INT($B84))) -> 1 | R84: =IF($A84="","",IF($O84="Closed","Closed",IF($F84="Unassigned","Unassigned",IF(AND($K84<>"",$K84<Settings!$C$3),"Overdue",IF($Q84>=Settings!$C$4,"Inactive","On Track"))))) -> On Track | S84: =IF($O84<>"Open","",IF($P84<=7,"0-7 days",IF($P84<=15,"8-15 days",IF($P84<=30,"16-30 days",IF($P84<=60,"31-60 days","60+ days"))))) -> 60+ days | T84: =IF($A84="","",DATE(YEAR($B84),MONTH($B84),1)) -> 46204 | U84: =IF(AND($O84="Open",OR(Dashboard!$D$3="All",$F84=Dashboard!$D$3)),$H84+ROW()/100000,0) -> 23300.001
A85: L-0084 | B85: 46214.528 | C85: Referral | D85: Skyline Facility Mgmt | E85: Safety Equipment | F85: Rahul Menon | G85: Lost | H85: 14700 | I85: 46214.732 | J85: 46244 | L85: 46244 | M85: Competitor won | N85: =IF(OR($A85="",$I85=""),"",ROUND(($I85-$B85)*24,1)) -> 4.9 | O85: =IF($A85="","",IF(OR($G85="Won",$G85="Lost"),"Closed","Open")) -> Closed | P85: =IF($A85="","",IF($L85<>"",$L85,Settings!$C$3)-INT($B85)) -> 30 | Q85: =IF($O85<>"Open","",Settings!$C$3-IF($J85<>"",$J85,INT($B85))) | R85: =IF($A85="","",IF($O85="Closed","Closed",IF($F85="Unassigned","Unassigned",IF(AND($K85<>"",$K85<Settings!$C$3),"Overdue",IF($Q85>=Settings!$C$4,"Inactive","On Track"))))) -> Closed | S85: =IF($O85<>"Open","",IF($P85<=7,"0-7 days",IF($P85<=15,"8-15 days",IF($P85<=30,"16-30 days",IF($P85<=60,"31-60 days","60+ days"))))) | T85: =IF($A85="","",DATE(YEAR($B85),MONTH($B85),1)) -> 46204 | U85: =IF(AND($O85="Open",OR(Dashboard!$D$3="All",$F85=Dashboard!$D$3)),$H85+ROW()/100000,0) -> 0
A86: L-0085 | B86: 46214.611 | C86: Referral | D86: Pearl Contracting LLC | E86: Office Supplies | F86: Rahul Menon | G86: Lost | H86: 34600 | I86: 46215.261 | J86: 46254 | L86: 46254 | M86: Price too high | N86: =IF(OR($A86="",$I86=""),"",ROUND(($I86-$B86)*24,1)) -> 15.6 | O86: =IF($A86="","",IF(OR($G86="Won",$G86="Lost"),"Closed","Open")) -> Closed | P86: =IF($A86="","",IF($L86<>"",$L86,Settings!$C$3)-INT($B86)) -> 40 | Q86: =IF($O86<>"Open","",Settings!$C$3-IF($J86<>"",$J86,INT($B86))) | R86: =IF($A86="","",IF($O86="Closed","Closed",IF($F86="Unassigned","Unassigned",IF(AND($K86<>"",$K86<Settings!$C$3),"Overdue",IF($Q86>=Settings!$C$4,"Inactive","On Track"))))) -> Closed | S86: =IF($O86<>"Open","",IF($P86<=7,"0-7 days",IF($P86<=15,"8-15 days",IF($P86<=30,"16-30 days",IF($P86<=60,"31-60 days","60+ days"))))) | T86: =IF($A86="","",DATE(YEAR($B86),MONTH($B86),1)) -> 46204 | U86: =IF(AND($O86="Open",OR(Dashboard!$D$3="All",$F86=Dashboard!$D$3)),$H86+ROW()/100000,0) -> 0
A87: L-0086 | B87: 46215.451 | C87: LinkedIn | D87: Metro Technical Services | E87: Plumbing & Sanitary | F87: Ahmed Hassan | G87: Contacted | H87: 58100 | I87: 46215.697 | J87: 46311 | K87: 46320 | N87: =IF(OR($A87="",$I87=""),"",ROUND(($I87-$B87)*24,1)) -> 5.9 | O87: =IF($A87="","",IF(OR($G87="Won",$G87="Lost"),"Closed","Open")) -> Open | P87: =IF($A87="","",IF($L87<>"",$L87,Settings!$C$3)-INT($B87)) -> 99 | Q87: =IF($O87<>"Open","",Settings!$C$3-IF($J87<>"",$J87,INT($B87))) -> 3 | R87: =IF($A87="","",IF($O87="Closed","Closed",IF($F87="Unassigned","Unassigned",IF(AND($K87<>"",$K87<Settings!$C$3),"Overdue",IF($Q87>=Settings!$C$4,"Inactive","On Track"))))) -> On Track | S87: =IF($O87<>"Open","",IF($P87<=7,"0-7 days",IF($P87<=15,"8-15 days",IF($P87<=30,"16-30 days",IF($P87<=60,"31-60 days","60+ days"))))) -> 60+ days | T87: =IF($A87="","",DATE(YEAR($B87),MONTH($B87),1)) -> 46204 | U87: =IF(AND($O87="Open",OR(Dashboard!$D$3="All",$F87=Dashboard!$D$3)),$H87+ROW()/100000,0) -> 58100.001
A88: L-0087 | B88: 46215.486 | C88: Walk-in | D88: Union Construction | E88: Plumbing & Sanitary | F88: Fatima Khan | G88: Contacted | H88: 10200 | I88: 46215.632 | J88: 46313 | K88: 46320 | N88: =IF(OR($A88="",$I88=""),"",ROUND(($I88-$B88)*24,1)) -> 3.5 | O88: =IF($A88="","",IF(OR($G88="Won",$G88="Lost"),"Closed","Open")) -> Open | P88: =IF($A88="","",IF($L88<>"",$L88,Settings!$C$3)-INT($B88)) -> 99 | Q88: =IF($O88<>"Open","",Settings!$C$3-IF($J88<>"",$J88,INT($B88))) -> 1 | R88: =IF($A88="","",IF($O88="Closed","Closed",IF($F88="Unassigned","Unassigned",IF(AND($K88<>"",$K88<Settings!$C$3),"Overdue",IF($Q88>=Settings!$C$4,"Inactive","On Track"))))) -> On Track | S88: =IF($O88<>"Open","",IF($P88<=7,"0-7 days",IF($P88<=15,"8-15 days",IF($P88<=30,"16-30 days",IF($P88<=60,"31-60 days","60+ days"))))) -> 60+ days | T88: =IF($A88="","",DATE(YEAR($B88),MONTH($B88),1)) -> 46204 | U88: =IF(AND($O88="Open",OR(Dashboard!$D$3="All",$F88=Dashboard!$D$3)),$H88+ROW()/100000,0) -> 10200.001
A89: L-0088 | B89: 46217.389 | C89: Referral | D89: Union Industries | E89: Industrial Supplies | F89: Ahmed Hassan | G89: Quotation Sent | H89: 15000 | I89: 46217.672 | J89: 46311 | K89: 46320 | N89: =IF(OR($A89="",$I89=""),"",ROUND(($I89-$B89)*24,1)) -> 6.8 | O89: =IF($A89="","",IF(OR($G89="Won",$G89="Lost"),"Closed","Open")) -> Open | P89: =IF($A89="","",IF($L89<>"",$L89,Settings!$C$3)-INT($B89)) -> 97 | Q89: =IF($O89<>"Open","",Settings!$C$3-IF($J89<>"",$J89,INT($B89))) -> 3 | R89: =IF($A89="","",IF($O89="Closed","Closed",IF($F89="Unassigned","Unassigned",IF(AND($K89<>"",$K89<Settings!$C$3),"Overdue",IF($Q89>=Settings!$C$4,"Inactive","On Track"))))) -> On Track | S89: =IF($O89<>"Open","",IF($P89<=7,"0-7 days",IF($P89<=15,"8-15 days",IF($P89<=30,"16-30 days",IF($P89<=60,"31-60 days","60+ days"))))) -> 60+ days | T89: =IF($A89="","",DATE(YEAR($B89),MONTH($B89),1)) -> 46204 | U89: =IF(AND($O89="Open",OR(Dashboard!$D$3="All",$F89=Dashboard!$D$3)),$H89+ROW()/100000,0) -> 15000.001
A90: L-0089 | B90: 46217.417 | C90: Phone Call | D90: Desert Facility Mgmt | E90: Plumbing & Sanitary | F90: Ahmed Hassan | G90: Quotation Sent | H90: 20800 | I90: 46217.846 | J90: 46309 | K90: 46312 | N90: =IF(OR($A90="",$I90=""),"",ROUND(($I90-$B90)*24,1)) -> 10.3 | O90: =IF($A90="","",IF(OR($G90="Won",$G90="Lost"),"Closed","Open")) -> Open | P90: =IF($A90="","",IF($L90<>"",$L90,Settings!$C$3)-INT($B90)) -> 97 | Q90: =IF($O90<>"Open","",Settings!$C$3-IF($J90<>"",$J90,INT($B90))) -> 5 | R90: =IF($A90="","",IF($O90="Closed","Closed",IF($F90="Unassigned","Unassigned",IF(AND($K90<>"",$K90<Settings!$C$3),"Overdue",IF($Q90>=Settings!$C$4,"Inactive","On Track"))))) -> Overdue | S90: =IF($O90<>"Open","",IF($P90<=7,"0-7 days",IF($P90<=15,"8-15 days",IF($P90<=30,"16-30 days",IF($P90<=60,"31-60 days","60+ days"))))) -> 60+ days | T90: =IF($A90="","",DATE(YEAR($B90),MONTH($B90),1)) -> 46204 | U90: =IF(AND($O90="Open",OR(Dashboard!$D$3="All",$F90=Dashboard!$D$3)),$H90+ROW()/100000,0) -> 20800.001
A91: L-0090 | B91: 46218.34 | C91: Walk-in | D91: Metro Industries | E91: Plumbing & Sanitary | F91: Sara Thomas | G91: Lost | H91: 125200 | I91: 46218.449 | J91: 46241 | L91: 46241 | M91: Out of stock | N91: =IF(OR($A91="",$I91=""),"",ROUND(($I91-$B91)*24,1)) -> 2.6 | O91: =IF($A91="","",IF(OR($G91="Won",$G91="Lost"),"Closed","Open")) -> Closed | P91: =IF($A91="","",IF($L91<>"",$L91,Settings!$C$3)-INT($B91)) -> 23 | Q91: =IF($O91<>"Open","",Settings!$C$3-IF($J91<>"",$J91,INT($B91))) | R91: =IF($A91="","",IF($O91="Closed","Closed",IF($F91="Unassigned","Unassigned",IF(AND($K91<>"",$K91<Settings!$C$3),"Overdue",IF($Q91>=Settings!$C$4,"Inactive","On Track"))))) -> Closed | S91: =IF($O91<>"Open","",IF($P91<=7,"0-7 days",IF($P91<=15,"8-15 days",IF($P91<=30,"16-30 days",IF($P91<=60,"31-60 days","60+ days"))))) | T91: =IF($A91="","",DATE(YEAR($B91),MONTH($B91),1)) -> 46204 | U91: =IF(AND($O91="Open",OR(Dashboard!$D$3="All",$F91=Dashboard!$D$3)),$H91+ROW()/100000,0) -> 0
A92: L-0091 | B92: 46218.667 | C92: WhatsApp | D92: Desert Engineering | E92: Office Supplies | F92: Fatima Khan | G92: Won | H92: 45700 | I92: 46219.787 | J92: 46247 | L92: 46247 | N92: =IF(OR($A92="",$I92=""),"",ROUND(($I92-$B92)*24,1)) -> 26.9 | O92: =IF($A92="","",IF(OR($G92="Won",$G92="Lost"),"Closed","Open")) -> Closed | P92: =IF($A92="","",IF($L92<>"",$L92,Settings!$C$3)-INT($B92)) -> 29 | Q92: =IF($O92<>"Open","",Settings!$C$3-IF($J92<>"",$J92,INT($B92))) | R92: =IF($A92="","",IF($O92="Closed","Closed",IF($F92="Unassigned","Unassigned",IF(AND($K92<>"",$K92<Settings!$C$3),"Overdue",IF($Q92>=Settings!$C$4,"Inactive","On Track"))))) -> Closed | S92: =IF($O92<>"Open","",IF($P92<=7,"0-7 days",IF($P92<=15,"8-15 days",IF($P92<=30,"16-30 days",IF($P92<=60,"31-60 days","60+ days"))))) | T92: =IF($A92="","",DATE(YEAR($B92),MONTH($B92),1)) -> 46204 | U92: =IF(AND($O92="Open",OR(Dashboard!$D$3="All",$F92=Dashboard!$D$3)),$H92+ROW()/100000,0) -> 0
A93: L-0092 | B93: 46218.715 | C93: Phone Call | D93: Royal Industries | E93: Safety Equipment | F93: Sara Thomas | G93: Won | H93: 18400 | I93: 46219.232 | J93: 46222 | L93: 46222 | N93: =IF(OR($A93="",$I93=""),"",ROUND(($I93-$B93)*24,1)) -> 12.4 | O93: =IF($A93="","",IF(OR($G93="Won",$G93="Lost"),"Closed","Open")) -> Closed | P93: =IF($A93="","",IF($L93<>"",$L93,Settings!$C$3)-INT($B93)) -> 4 | Q93: =IF($O93<>"Open","",Settings!$C$3-IF($J93<>"",$J93,INT($B93))) | R93: =IF($A93="","",IF($O93="Closed","Closed",IF($F93="Unassigned","Unassigned",IF(AND($K93<>"",$K93<Settings!$C$3),"Overdue",IF($Q93>=Settings!$C$4,"Inactive","On Track"))))) -> Closed | S93: =IF($O93<>"Open","",IF($P93<=7,"0-7 days",IF($P93<=15,"8-15 days",IF($P93<=30,"16-30 days",IF($P93<=60,"31-60 days","60+ days"))))) | T93: =IF($A93="","",DATE(YEAR($B93),MONTH($B93),1)) -> 46204 | U93: =IF(AND($O93="Open",OR(Dashboard!$D$3="All",$F93=Dashboard!$D$3)),$H93+ROW()/100000,0) -> 0
A94: L-0093 | B94: 46219.514 | C94: LinkedIn | D94: Horizon Industries | E94: Industrial Supplies | F94: Omar Siddiqui | G94: Won | H94: 37900 | I94: 46219.964 | J94: 46240 | L94: 46240 | N94: =IF(OR($A94="",$I94=""),"",ROUND(($I94-$B94)*24,1)) -> 10.8 | O94: =IF($A94="","",IF(OR($G94="Won",$G94="Lost"),"Closed","Open")) -> Closed | P94: =IF($A94="","",IF($L94<>"",$L94,Settings!$C$3)-INT($B94)) -> 21 | Q94: =IF($O94<>"Open","",Settings!$C$3-IF($J94<>"",$J94,INT($B94))) | R94: =IF($A94="","",IF($O94="Closed","Closed",IF($F94="Unassigned","Unassigned",IF(AND($K94<>"",$K94<Settings!$C$3),"Overdue",IF($Q94>=Settings!$C$4,"Inactive","On Track"))))) -> Closed | S94: =IF($O94<>"Open","",IF($P94<=7,"0-7 days",IF($P94<=15,"8-15 days",IF($P94<=30,"16-30 days",IF($P94<=60,"31-60 days","60+ days"))))) | T94: =IF($A94="","",DATE(YEAR($B94),MONTH($B94),1)) -> 46204 | U94: =IF(AND($O94="Open",OR(Dashboard!$D$3="All",$F94=Dashboard!$D$3)),$H94+ROW()/100000,0) -> 0
A95: L-0094 | B95: 46220.542 | C95: WhatsApp | D95: Skyline Projects LLC | E95: Industrial Supplies | F95: Rahul Menon | G95: Won | H95: 13100 | I95: 46221.079 | J95: 46232 | L95: 46232 | N95: =IF(OR($A95="",$I95=""),"",ROUND(($I95-$B95)*24,1)) -> 12.9 | O95: =IF($A95="","",IF(OR($G95="Won",$G95="Lost"),"Closed","Open")) -> Closed | P95: =IF($A95="","",IF($L95<>"",$L95,Settings!$C$3)-INT($B95)) -> 12 | Q95: =IF($O95<>"Open","",Settings!$C$3-IF($J95<>"",$J95,INT($B95))) | R95: =IF($A95="","",IF($O95="Closed","Closed",IF($F95="Unassigned","Unassigned",IF(AND($K95<>"",$K95<Settings!$C$3),"Overdue",IF($Q95>=Settings!$C$4,"Inactive","On Track"))))) -> Closed | S95: =IF($O95<>"Open","",IF($P95<=7,"0-7 days",IF($P95<=15,"8-15 days",IF($P95<=30,"16-30 days",IF($P95<=60,"31-60 days","60+ days"))))) | T95: =IF($A95="","",DATE(YEAR($B95),MONTH($B95),1)) -> 46204 | U95: =IF(AND($O95="Open",OR(Dashboard!$D$3="All",$F95=Dashboard!$D$3)),$H95+ROW()/100000,0) -> 0
A96: L-0095 | B96: 46222.569 | C96: LinkedIn | D96: Al Noor Industries | E96: Building Materials | F96: Priya Nair | G96: Lost | H96: 88600 | I96: 46222.749 | J96: 46244 | L96: 46244 | M96: No response | N96: =IF(OR($A96="",$I96=""),"",ROUND(($I96-$B96)*24,1)) -> 4.3 | O96: =IF($A96="","",IF(OR($G96="Won",$G96="Lost"),"Closed","Open")) -> Closed | P96: =IF($A96="","",IF($L96<>"",$L96,Settings!$C$3)-INT($B96)) -> 22 | Q96: =IF($O96<>"Open","",Settings!$C$3-IF($J96<>"",$J96,INT($B96))) | R96: =IF($A96="","",IF($O96="Closed","Closed",IF($F96="Unassigned","Unassigned",IF(AND($K96<>"",$K96<Settings!$C$3),"Overdue",IF($Q96>=Settings!$C$4,"Inactive","On Track"))))) -> Closed | S96: =IF($O96<>"Open","",IF($P96<=7,"0-7 days",IF($P96<=15,"8-15 days",IF($P96<=30,"16-30 days",IF($P96<=60,"31-60 days","60+ days"))))) | T96: =IF($A96="","",DATE(YEAR($B96),MONTH($B96),1)) -> 46204 | U96: =IF(AND($O96="Open",OR(Dashboard!$D$3="All",$F96=Dashboard!$D$3)),$H96+ROW()/100000,0) -> 0
A97: L-0096 | B97: 46223.556 | C97: Referral | D97: Emirates Facility Mgmt | E97: Plumbing & Sanitary | F97: Sara Thomas | G97: Quotation Sent | H97: 55400 | I97: 46224.451 | J97: 46289 | K97: 46297 | N97: =IF(OR($A97="",$I97=""),"",ROUND(($I97-$B97)*24,1)) -> 21.5 | O97: =IF($A97="","",IF(OR($G97="Won",$G97="Lost"),"Closed","Open")) -> Open | P97: =IF($A97="","",IF($L97<>"",$L97,Settings!$C$3)-INT($B97)) -> 91 | Q97: =IF($O97<>"Open","",Settings!$C$3-IF($J97<>"",$J97,INT($B97))) -> 25 | R97: =IF($A97="","",IF($O97="Closed","Closed",IF($F97="Unassigned","Unassigned",IF(AND($K97<>"",$K97<Settings!$C$3),"Overdue",IF($Q97>=Settings!$C$4,"Inactive","On Track"))))) -> Overdue | S97: =IF($O97<>"Open","",IF($P97<=7,"0-7 days",IF($P97<=15,"8-15 days",IF($P97<=30,"16-30 days",IF($P97<=60,"31-60 days","60+ days"))))) -> 60+ days | T97: =IF($A97="","",DATE(YEAR($B97),MONTH($B97),1)) -> 46204 | U97: =IF(AND($O97="Open",OR(Dashboard!$D$3="All",$F97=Dashboard!$D$3)),$H97+ROW()/100000,0) -> 55400.001
A98: L-0097 | B98: 46223.604 | C98: Referral | D98: Falcon Technical Services | E98: Industrial Supplies | F98: Priya Nair | G98: Won | H98: 28300 | I98: 46223.625 | J98: 46234 | L98: 46234 | N98: =IF(OR($A98="",$I98=""),"",ROUND(($I98-$B98)*24,1)) -> 0.5 | O98: =IF($A98="","",IF(OR($G98="Won",$G98="Lost"),"Closed","Open")) -> Closed | P98: =IF($A98="","",IF($L98<>"",$L98,Settings!$C$3)-INT($B98)) -> 11 | Q98: =IF($O98<>"Open","",Settings!$C$3-IF($J98<>"",$J98,INT($B98))) | R98: =IF($A98="","",IF($O98="Closed","Closed",IF($F98="Unassigned","Unassigned",IF(AND($K98<>"",$K98<Settings!$C$3),"Overdue",IF($Q98>=Settings!$C$4,"Inactive","On Track"))))) -> Closed | S98: =IF($O98<>"Open","",IF($P98<=7,"0-7 days",IF($P98<=15,"8-15 days",IF($P98<=30,"16-30 days",IF($P98<=60,"31-60 days","60+ days"))))) | T98: =IF($A98="","",DATE(YEAR($B98),MONTH($B98),1)) -> 46204 | U98: =IF(AND($O98="Open",OR(Dashboard!$D$3="All",$F98=Dashboard!$D$3)),$H98+ROW()/100000,0) -> 0
A99: L-0098 | B99: 46224.403 | C99: WhatsApp | D99: Oasis Engineering | E99: Electrical Items | F99: Sara Thomas | G99: Contacted | H99: 20100 | I99: 46224.549 | J99: 46309 | K99: 46315 | N99: =IF(OR($A99="",$I99=""),"",ROUND(($I99-$B99)*24,1)) -> 3.5 | O99: =IF($A99="","",IF(OR($G99="Won",$G99="Lost"),"Closed","Open")) -> Open | P99: =IF($A99="","",IF($L99<>"",$L99,Settings!$C$3)-INT($B99)) -> 90 | Q99: =IF($O99<>"Open","",Settings!$C$3-IF($J99<>"",$J99,INT($B99))) -> 5 | R99: =IF($A99="","",IF($O99="Closed","Closed",IF($F99="Unassigned","Unassigned",IF(AND($K99<>"",$K99<Settings!$C$3),"Overdue",IF($Q99>=Settings!$C$4,"Inactive","On Track"))))) -> On Track | S99: =IF($O99<>"Open","",IF($P99<=7,"0-7 days",IF($P99<=15,"8-15 days",IF($P99<=30,"16-30 days",IF($P99<=60,"31-60 days","60+ days"))))) -> 60+ days | T99: =IF($A99="","",DATE(YEAR($B99),MONTH($B99),1)) -> 46204 | U99: =IF(AND($O99="Open",OR(Dashboard!$D$3="All",$F99=Dashboard!$D$3)),$H99+ROW()/100000,0) -> 20100.001
A100: L-0099 | B100: 46224.417 | C100: Exhibition | D100: Falcon Facility Mgmt | E100: Office Supplies | F100: Rahul Menon | G100: Won | H100: 11500 | I100: 46225.508 | J100: 46243 | L100: 46243 | N100: =IF(OR($A100="",$I100=""),"",ROUND(($I100-$B100)*24,1)) -> 26.2 | O100: =IF($A100="","",IF(OR($G100="Won",$G100="Lost"),"Closed","Open")) -> Closed | P100: =IF($A100="","",IF($L100<>"",$L100,Settings!$C$3)-INT($B100)) -> 19 | Q100: =IF($O100<>"Open","",Settings!$C$3-IF($J100<>"",$J100,INT($B100))) | R100: =IF($A100="","",IF($O100="Closed","Closed",IF($F100="Unassigned","Unassigned",IF(AND($K100<>"",$K100<Settings!$C$3),"Overdue",IF($Q100>=Settings!$C$4,"Inactive","On Track"))))) -> Closed | S100: =IF($O100<>"Open","",IF($P100<=7,"0-7 days",IF($P100<=15,"8-15 days",IF($P100<=30,"16-30 days",IF($P100<=60,"31-60 days","60+ days"))))) | T100: =IF($A100="","",DATE(YEAR($B100),MONTH($B100),1)) -> 46204 | U100: =IF(AND($O100="Open",OR(Dashboard!$D$3="All",$F100=Dashboard!$D$3)),$H100+ROW()/100000,0) -> 0
...

Sheet Settings
B2: Settings & Lists
B3: As-of date (reporting date) | C3: 46314
B4: Inactive threshold (days since last contact) | C4: 7 | D4: Open leads with no contact for this many days are flagged Inactive.
B6: Drop-down lists used by the Lead_Data sheet and Dashboard filter.
B8: Executives | C8: Lead Source | D8: Status | E8: Requirement | F8: Lost Reason | G8: Dashboard Filter
B9: Rahul Menon | C9: Website | D9: New | E9: Industrial Supplies | F9: Price too high | G9: All
B10: Fatima Khan | C10: WhatsApp | D10: Contacted | E10: Electrical Items | F10: Competitor won | G10: Rahul Menon
B11: Omar Siddiqui | C11: Phone Call | D11: Quotation Sent | E11: Building Materials | F11: No response | G11: Fatima Khan
B12: Priya Nair | C12: Walk-in | D12: Negotiation | E12: Safety Equipment | F12: Requirement cancelled | G12: Omar Siddiqui
B13: Ahmed Hassan | C13: Referral | D13: Won | E13: Plumbing & Sanitary | F13: Delivery time | G13: Priya Nair
B14: Sara Thomas | C14: Exhibition | D14: Lost | E14: Office Supplies | F14: Out of stock | G14: Ahmed Hassan
B15: Unassigned | C15: LinkedIn | G15: Sara Thomas
C16: Email | G16: Unassigned
